gyro_x (deg/s),gyro_y (deg/s),gyro_z (deg/s)
-5.410923113087043085e-05,3.543207813447105722e-03,-1.797785958029931352e+00
-5.522236263929808077e-05,3.543207535692502116e-03,-3.417785947425604487e+00
-5.733731195501425319e-05,3.543206063351809175e-03,-4.875785927307500600e+00
-6.035389503519492159e-05,3.543201787822442862e-03,-6.187985898627018422e+00
-6.418194271772101247e-05,3.543192670336915446e-03,-7.368965862240445475e+00
-6.874029723166306548e-05,3.543176422777389797e-03,-8.431847818918491555e+00
-7.395590913846719226e-05,3.543150641685739819e-03,-9.388441569354871064e+00
-7.976302480038607119e-05,3.543112905863641214e-03,-1.024937593417400805e+01
-8.610245538275244513e-05,3.543060845805945033e-03,-1.102421685193798950e+01
-9.292091924745710986e-05,3.542992191488310034e-03,-1.172157366735279638e+01
-1.001704503815632459e-04,3.542904803653123581e-03,-1.234919479065393944e+01
-1.078078662264651702e-04,3.542796692638309954e-03,-1.291405379105349915e+01
-1.157942889307706625e-04,3.542666027917301154e-03,-1.342242688084247604e+01
-1.240947146472579511e-04,3.542511140821183631e-03,-1.387996265108290217e+01
-1.326776260345816679e-04,3.542330522360334459e-03,-1.429174483373073734e+01
-1.415146436121996149e-04,3.542122817624151956e-03,-1.466234878754648108e+01
-1.505802120565506621e-04,3.541886817890900572e-03,-1.499589233541470890e+01
-1.598513179221513309e-04,3.541621451306555066e-03,-1.529608151793167004e+01
-1.693072356270793955e-04,3.541325772777141438e-03,-1.556625177163411600e+01
-1.789292988620482623e-04,3.540998953551401530e-03,-1.580940498940525707e+01
-1.887006948695904487e-04,3.540640270840141393e-03,-1.602824287484009957e+01
-1.986062792978965938e-04,3.540249097717618806e-03,-1.622519696117426591e+01
-2.086324095656391794e-04,3.539824893472707287e-03,-1.640245562831994519e+01
-2.187667948822779045e-04,3.539367194518340531e-03,-1.656198841819822931e+01
-2.289983612553353573e-04,3.538875605923061645e-03,-1.670556791853820755e+01
-2.393171299840918893e-04,3.538349793595139351e-03,-1.683478945829618567e+01
-2.497141082900795417e-04,3.537789477125302760e-03,-1.695108883353293905e+01
-2.601811908703519213e-04,3.537194423276495032e-03,-1.705575826070329271e+01
-2.707110712813945008e-04,3.536564440096892376e-03,-1.714996073461668757e+01
-2.812971621710735675e-04,3.535899371624196593e-03,-1.723474295060173844e+01
-2.919335234745354998e-04,3.535199093144186528e-03,-1.731104693445430698e+01
-3.026147977784933722e-04,3.534463506963707834e-03,-1.737972050939076851e+01
-3.133361521379965332e-04,3.533692538657339389e-03,-1.744152671630597595e+01
-3.240932257013975286e-04,3.532886133747144709e-03,-1.749715229200540278e+01
-3.348820825636492191e-04,3.532044254776053362e-03,-1.754721529961407711e+01
-3.456991693260364666e-04,3.531166878737175985e-03,-1.759227199594463187e+01
-3.565412768925882718e-04,3.530253994823426885e-03,-1.763282301212854009e+01
-3.674055060803317315e-04,3.529305602464269821e-03,-1.766931891618423833e+01
-3.782892366627907334e-04,3.528321709618786103e-03,-1.770216521932841758e+01
-3.891900995041007926e-04,3.527302331296796808e-03,-1.773172688165619704e+01
-4.001059514753383967e-04,3.526247488282265030e-03,-1.775833236725330622e+01
-4.110348528754219333e-04,3.525157206035465715e-03,-1.778227729379698374e+01
-4.219750471066567349e-04,3.524031513752775950e-03,-1.780382771719686019e+01
-4.329249423799246422e-04,3.522870443564946920e-03,-1.782322308777171216e+01
-4.438830952469699845e-04,3.521674029856775717e-03,-1.784067891080852419e+01
-4.548481957774487159e-04,3.520442308692846387e-03,-1.785638914106569786e+01
-4.658190542165771574e-04,3.519175317335693567e-03,-1.787052833782589190e+01
-4.767945889756109064e-04,3.517873093844295970e-03,-1.788325360444360967e+01
-4.877738158221180250e-04,3.516535676742132271e-03,-1.789470633393798948e+01
-4.987558381502824999e-04,3.515163104745320458e-03,-1.790501378002637978e+01
-5.097398382234206255e-04,3.513755416542487485e-03,-1.791429047105448191e+01
-5.207250692916489017e-04,3.512312650618982807e-03,-1.792263948253354044e+01
-5.317108484973318743e-04,3.510834845119004729e-03,-1.793015358242376678e+01
-5.426965504896434081e-04,3.509322037739990435e-03,-1.793691626188945776e+01
-5.536816016774365927e-04,3.507774265654323154e-03,-1.794300266297858926e+01
-5.646654750566734715e-04,3.506191565454066898e-03,-1.794848041353442980e+01
-5.756476855550318912e-04,3.504573973115011724e-03,-1.795341037861603439e+01
-5.866277858420340706e-04,3.502921523976782088e-03,-1.795784733677665201e+01
-5.976053625581903605e-04,3.501234252736204564e-03,-1.796184058871430267e+01
-6.085800329213035455e-04,3.499512193451548812e-03,-1.796543450505731343e+01
-6.195514416722485568e-04,3.497755379555574431e-03,-1.796866901937127992e+01
-6.305192583263086528e-04,3.495963843875573521e-03,-1.797158007186534334e+01
-6.414831746995352038e-04,3.494137618658949614e-03,-1.797420000872781998e+01
-6.524429026826444921e-04,3.492276735603015887e-03,-1.797655794152831277e+01
-6.633981722377128550e-04,3.490381225887937127e-03,-1.797868007067955176e+01
-6.743487295954006576e-04,3.488451120211890407e-03,-1.798058997655310876e+01
-6.852943356326572210e-04,3.486486448827697242e-03,-1.798230888148349393e+01
-6.962347644128669914e-04,3.484487241580274969e-03,-1.798385588557187020e+01
-7.071698018721883378e-04,3.482453527944377389e-03,-1.798524817890938010e+01
-7.180992446374808835e-04,3.480385337062210076e-03,-1.798650123257816347e+01
-7.290228989626447356e-04,3.478282697780562573e-03,-1.798762897055224386e+01
-7.399405797715452463e-04,3.476145638687172957e-03,-1.798864392440834337e+01
-7.508521097968513932e-04,3.473974188146118809e-03,-1.798955737256560639e+01
-7.617573188051985538e-04,3.471768374332056314e-03,-1.799037946560137868e+01
-7.726560429000419545e-04,3.469528225263184777e-03,-1.799111933903536453e+01
-7.835481238944230547e-04,3.467253768832853720e-03,-1.799178521483540294e+01
-7.944334087466553259e-04,3.464945032839746204e-03,-1.799238449277264706e+01
-8.053117490526389951e-04,3.462602045016601078e-03,-1.799292383264122819e+01
-8.161830005891265684e-04,3.460224833057480229e-03,-1.799340922825598810e+01
-8.270470229028508650e-04,3.457813424643557416e-03,-1.799384607405036718e+01
-8.379036789409178947e-04,3.455367847467471186e-03,-1.799423922501456374e+01
-8.487528347183359361e-04,3.452888129256252280e-03,-1.799459305063987102e+01
-8.595943590189659067e-04,3.450374297792880175e-03,-1.799491148346853464e+01
-8.704281231265394766e-04,3.447826380936489139e-03,-1.799519806278869183e+01
-8.812540005827454838e-04,3.445244406641300577e-03,-1.799545597395976415e+01
-8.920718669696609156e-04,3.442628402974307229e-03,-1.799568808380532303e+01
-9.028815997141001210e-04,3.439978398131791210e-03,-1.799589697246669218e+01
-9.136830779116787227e-04,3.437294420454701897e-03,-1.799608496207115849e+01
-9.244761821686217976e-04,3.434576498442975211e-03,-1.799625414253339173e+01
-9.352607944595366096e-04,3.431824660768841104e-03,-1.799640639477667747e+01
-9.460367979995544909e-04,3.429038936289170465e-03,-1.799654341163208571e+01
-9.568040771293928343e-04,3.426219354056925584e-03,-1.799666671664767392e+01
-9.675625172120550215e-04,3.423365943331759757e-03,-1.799677768101679831e+01
-9.783120045399914914e-04,3.420478733589828006e-03,-1.799687753881357821e+01
-9.890524262516800329e-04,3.417557754532835838e-03,-1.799696740070481837e+01
-9.997836702566747797e-04,3.414603036096411446e-03,-1.799704826629074361e+01
-1.010505625168285279e-03,3.411614608457801817e-03,-1.799712103521166640e+01
-1.021218180243107284e-03,3.408592502042982059e-03,-1.799718651714395179e+01
-1.031921225326730895e-03,3.405536747533175791e-03,-1.799724544079642996e+01
-1.042614650804995916e-03,3.402447375870860328e-03,-1.799729846200715855e+01
-1.053298347560246897e-03,3.399324418265275288e-03,-1.799734617103048606e+01
-1.063972206932081114e-03,3.396167906197472379e-03,-1.799738909909541462e+01
-1.074636120682139536e-03,3.392977871424943635e-03,-1.799742772430815307e+01
-1.085289980962536810e-03,3.389754345985850677e-03,-1.799746247696439383e+01
-1.095933680287563368e-03,3.386497362202891843e-03,-1.799749374433035243e+01
-1.106567111508332656e-03,3.383206952686835817e-03,-1.799752187494571842e+01
-1.117190167790079250e-03,3.379883150339732609e-03,-1.799754718249632290e+01
-1.127802742591834176e-03,3.376525988357841762e-03,-1.799756994929949983e+01
-1.138404729648250652e-03,3.373135500234292553e-03,-1.799759042944095810e+01
-1.148996022953355147e-03,3.369711719761489185e-03,-1.799760885159792778e+01
-1.159576516746034687e-03,3.366254681033300448e-03,-1.799762542158001466e+01
-1.170146105497081070e-03,3.362764418447029922e-03,-1.799764032461596841e+01
-1.180704683897646498e-03,3.359240966705191473e-03,-1.799765372741175540e+01
-1.191252146848953202e-03,3.355684360817111269e-03,-1.799766578000284412e+01
-1.201788389453147107e-03,3.352094636100356757e-03,-1.799767661742126279e+01
-1.212313307005165883e-03,3.348471828182024261e-03,-1.799768636119592102e+01
-1.222826794985533341e-03,3.344815972999875230e-03,-1.799769512070294297e+01
-1.233328749053973477e-03,3.341127106803346274e-03,-1.799770299438093701e+01
-1.243819065043774577e-03,3.337405266154448193e-03,-1.799771007082475194e+01
-1.254297638956816197e-03,3.333650487928544424e-03,-1.799771642976983799e+01
-1.264764366959201559e-03,3.329862809315038436e-03,-1.799772214297821193e+01
-1.275219145377426855e-03,3.326042267817957889e-03,-1.799772727503577485e+01
-1.285661870695042766e-03,3.322188901256468551e-03,-1.799773188406994251e+01
-1.296092439549748369e-03,3.318302747765289329e-03,-1.799773602239547898e+01
-1.306510748730879690e-03,3.314383845795060898e-03,-1.799773973709576680e+01
-1.316916695177253226e-03,3.310432234112621955e-03,-1.799774307054596534e+01
-1.327310175975325839e-03,3.306447951801242107e-03,-1.799774606088378803e+01
-1.337691088357640659e-03,3.302431038260793608e-03,-1.799774874243329492e+01
-1.348059329701530593e-03,3.298381533207869754e-03,-1.799775114608622673e+01
-1.358414797528053426e-03,3.294299476675855570e-03,-1.799775329964524317e+01
-1.368757389501133997e-03,3.290184909014959042e-03,-1.799775522813284212e+01
-1.379087003426891561e-03,3.286037870892197666e-03,-1.799775695406936293e+01
-1.389403537253137803e-03,3.281858403291348578e-03,-1.799775849772320768e+01
-1.399706889069023174e-03,3.277646547512866586e-03,-1.799775987733603344e+01
-1.409996957104820477e-03,3.273402345173771853e-03,-1.799776110932542750e+01
-1.420273639731827950e-03,3.269125838207498531e-03,-1.799776220846731434e+01
-1.430536835462384651e-03,3.264817068863734312e-03,-1.799776318806011943e+01
-1.440786442949979970e-03,3.260476079708220058e-03,-1.799776406007252660e+01
-1.451022360989455504e-03,3.256102913622528627e-03,-1.799776483527643833e+01
-1.461244488517284348e-03,3.251697613803833722e-03,-1.799776552336665958e+01
-1.471452724611919559e-03,3.247260223764644044e-03,-1.799776613306862316e+01
-1.481646968494210051e-03,3.242790787332528769e-03,-1.799776667223530069e+01
-1.491827119527868763e-03,3.238289348649826122e-03,-1.799776714793446430e+01
-1.501993077219999136e-03,3.233755952173331984e-03,-1.799776756652720877e+01
-1.512144741221659776e-03,3.229190642673975507e-03,-1.799776793373860784e+01
-1.522282011328475286e-03,3.224593465236482576e-03,-1.799776825472131847e+01
-1.532404787481283321e-03,3.219964465259029292e-03,-1.799776853411283639e+01
-1.542512969766812432e-03,3.215303688452875088e-03,-1.799776877608698555e+01
-1.552606458418392000e-03,3.210611180841994525e-03,-1.799776898440032369e+01
-1.562685153816687758e-03,3.205886988762691753e-03,-1.799776916243381919e+01
-1.572748956490461819e-03,3.201131158863211069e-03,-1.799776931323046369e+01
-1.582797767117347662e-03,3.196343738103334890e-03,-1.799776943952902286e+01
-1.592831486524654179e-03,3.191524773753971322e-03,-1.799776954379448668e+01
-1.602850015690181207e-03,3.186674313396740434e-03,-1.799776962824543602e+01
-1.612853255743046128e-03,3.181792404923545776e-03,-1.799776969487869493e+01
-1.622841107964531496e-03,3.176879096536145905e-03,-1.799776974549148534e+01
-1.632813473788937222e-03,3.171934436745710295e-03,-1.799776978170140751e+01
-1.642770254804449669e-03,3.166958474372375681e-03,-1.799776980496438838e+01
-1.652711352754015085e-03,3.161951258544797201e-03,-1.799776981659086061e+01
-1.662636669536219974e-03,3.156912838699686957e-03,-1.799776981776030382e+01
-1.672546107206187085e-03,3.151843264581352146e-03,-1.799776980953433281e+01
-1.682439567976467491e-03,3.146742586241227987e-03,-1.799776979286850676e+01
-1.692316954217943942e-03,3.141610854037399803e-03,-1.799776976862290923e+01
-1.702178168460738135e-03,3.136448118634134214e-03,-1.799776973757170850e+01
-1.712023113395120134e-03,3.131254431001379967e-03,-1.799776970041175517e+01
-1.721851691872424090e-03,3.126029842414295660e-03,-1.799776965777029503e+01
-1.731663806905964177e-03,3.120774404452751442e-03,-1.799776961021194310e+01
-1.741459361671954861e-03,3.115488169000825078e-03,-1.799776955824495062e+01
-1.751238259510433772e-03,3.110171188246314920e-03,-1.799776950232682537e+01
-1.761000403926184796e-03,3.104823514680222531e-03,-1.799776944286941571e+01
-1.770745698589659646e-03,3.099445201096253950e-03,-1.799776938024347928e+01
-1.780474047337910056e-03,3.094036300590296672e-03,-1.799776931478278641e+01
-1.790185354175510011e-03,3.088596866559913112e-03,-1.799776924678782208e+01
-1.799879523275482295e-03,3.083126952703811510e-03,-1.799776917652910768e+01
-1.809556458980232652e-03,3.077626613021330719e-03,-1.799776910425020660e+01
-1.819216065802468528e-03,3.072095901811902445e-03,-1.799776903017040652e+01
-1.828858248426132793e-03,3.066534873674529958e-03,-1.799776895448716729e+01
-1.838482911707328129e-03,3.060943583507248159e-03,-1.799776887737828446e+01
-1.848089960675245542e-03,3.055322086506585821e-03,-1.799776879900386817e+01
-1.857679300533089835e-03,3.049670438167030855e-03,-1.799776871950810175e+01
-1.867250836659005084e-03,3.043988694280472165e-03,-1.799776863902083335e+01
-1.876804474606999463e-03,3.038276910935667520e-03,-1.799776855765903250e+01
-1.886340120107867901e-03,3.032535144517679773e-03,-1.799776847552803360e+01
-1.895857679070118854e-03,3.026763451707334320e-03,-1.799776839272274742e+01
-1.905357057580890894e-03,3.020961889480650118e-03,-1.799776830932867711e+01
-1.914838161906878182e-03,3.015130515108285433e-03,-1.799776822542284904e+01
-1.924300898495246619e-03,3.009269386154975797e-03,-1.799776814107469747e+01
-1.933745173974553465e-03,3.003378560478963712e-03,-1.799776805634678567e+01
-1.943170895155661975e-03,2.997458096231428362e-03,-1.799776797129550587e+01
-1.952577969032658631e-03,2.991508051855914455e-03,-1.799776788597170096e+01
-1.961966302783771463e-03,2.985528486087759767e-03,-1.799776780042122226e+01
-1.971335803772269937e-03,2.979519457953507932e-03,-1.799776771468540915e+01
-1.980686379547389776e-03,2.973481026770334688e-03,-1.799776762880157222e+01
-1.990017937845233072e-03,2.967413252145457633e-03,-1.799776754280336277e+01
-1.999330386589678790e-03,2.961316193975551628e-03,-1.799776745672114941e+01
-2.008623633893291335e-03,2.955189912446158553e-03,-1.799776737058236620e+01
-2.017897588058220875e-03,2.949034468031089696e-03,-1.799776728441177198e+01
-2.027152157577106692e-03,2.942849921491831611e-03,-1.799776719823174886e+01
-2.036387251133981412e-03,2.936636333876949372e-03,-1.799776711206251889e+01
-2.045602777605164384e-03,2.930393766521477688e-03,-1.799776702592236433e+01
-2.054798646060165910e-03,2.924122281046322852e-03,-1.799776693982783016e+01
-2.063974765762575415e-03,2.917821939357650388e-03,-1.799776685379389107e+01
-2.073131046170961344e-03,2.911492803646275728e-03,-1.799776676783410423e+01
-2.082267396939759332e-03,2.905134936387048384e-03,-1.799776668196074780e+01
-2.091383727920165161e-03,2.898748400338236990e-03,-1.799776659618498442e+01
-2.100479949161020762e-03,2.892333258540912607e-03,-1.799776651051691090e+01
-2.109555970909701966e-03,2.885889574318319020e-03,-1.799776642496572165e+01
-2.118611703612999740e-03,2.879417411275255606e-03,-1.799776633953976201e+01
-2.127647057918007067e-03,2.872916833297445901e-03,-1.799776625424662768e+01
-2.136661944672996714e-03,2.866387904550904420e-03,-1.799776616909323934e+01
-2.145656274928299870e-03,2.859830689481309991e-03,-1.799776608408591727e+01
-2.154629959937183915e-03,2.853245252813363039e-03,-1.799776599923041687e+01
-2.163582911156727157e-03,2.846631659550148945e-03,-1.799776591453200680e+01
-2.172515040248689661e-03,2.839989974972498363e-03,-1.799776582999551877e+01
-2.181426259080387117e-03,2.833320264638340170e-03,-1.799776574562537235e+01
-2.190316479725554731e-03,2.826622594382053981e-03,-1.799776566142562828e+01
-2.199185614465218926e-03,2.819897030313823962e-03,-1.799776557740002758e+01
-2.208033575788558630e-03,2.813143638818982242e-03,-1.799776549355202704e+01
-2.216860276393767867e-03,2.806362486557351446e-03,-1.799776540988479212e+01
-2.225665629188921819e-03,2.799553640462596350e-03,-1.799776532640127868e+01
-2.234449547292826840e-03,2.792717167741552101e-03,-1.799776524310421166e+01
-2.243211944035882182e-03,2.785853135873567633e-03,-1.799776515999614190e+01
-2.251952732960933908e-03,2.778961612609836054e-03,-1.799776507707942486e+01
-2.260671827824123174e-03,2.772042665972726354e-03,-1.799776499435627386e+01
-2.269369142595744487e-03,2.765096364255114660e-03,-1.799776491182874949e+01
-2.278044591461085306e-03,2.758122776019706398e-03,-1.799776482949880929e+01
-2.286698088821276058e-03,2.751121970098358883e-03,-1.799776474736826160e+01
-2.295329549294134516e-03,2.744094015591410415e-03,-1.799776466543884013e+01
-2.303938887715004102e-03,2.737038981866982915e-03,-1.799776458371217203e+01
-2.312526019137598702e-03,2.729956938560311897e-03,-1.799776450218979917e+01
-2.321090858834834458e-03,2.722847955573051270e-03,-1.799776442087319950e+01
-2.329633322299669382e-03,2.715712103072582054e-03,-1.799776433976376921e+01
-2.338153325245931249e-03,2.708549451491327163e-03,-1.799776425886285125e+01
-2.346650783609156334e-03,2.701360071526047544e-03,-1.799776417817172103e+01
-2.355125613547409940e-03,2.694144034137149583e-03,-1.799776409769161845e+01
-2.363577731442119498e-03,2.686901410547983850e-03,-1.799776401742372656e+01
-2.372007053898891622e-03,2.679632272244141227e-03,-1.799776393736919644e+01
-2.380413497748341736e-03,2.672336690972746884e-03,-1.799776385752912944e+01
-2.388796980046909400e-03,2.665014738741752504e-03,-1.799776377790460913e+01
-2.397157418077677099e-03,2.657666487819223752e-03,-1.799776369849666935e+01
-2.405494729351187293e-03,2.650292010732631202e-03,-1.799776361930633328e+01
-2.413808831606251235e-03,2.642891380268131297e-03,-1.799776354033458148e+01
-2.422099642810765160e-03,2.635464669469846869e-03,-1.799776346158239448e+01
-2.430367081162514761e-03,2.628011951639150270e-03,-1.799776338305070666e+01
-2.438611065089981832e-03,2.620533300333934348e-03,-1.799776330474045594e+01
-2.446831513253152658e-03,2.613028789367891676e-03,-1.799776322665254469e+01
-2.455028344544314244e-03,2.605498492809781193e-03,-1.799776314878786820e+01
-2.463201478088858799e-03,2.597942484982700487e-03,-1.799776307114730756e+01
-2.471350833246076500e-03,2.590360840463350710e-03,-1.799776299373172961e+01
-2.479476329609953469e-03,2.582753634081301052e-03,-1.799776291654198346e+01
-2.487577887009963240e-03,2.575120940918250185e-03,-1.799776283957891820e+01
-2.495655425511856488e-03,2.567462836307285098e-03,-1.799776276284336163e+01
-2.503708865418451199e-03,2.559779395832135606e-03,-1.799776268633614151e+01
-2.511738127270413731e-03,2.552070695326431448e-03,-1.799776261005806433e+01
-2.519743131847048540e-03,2.544336810872951590e-03,-1.799776253400994008e+01
-2.527723800167072307e-03,2.536577818802876125e-03,-1.799776245819257170e+01
-2.535680053489398032e-03,2.528793795695027762e-03,-1.799776238260674077e+01
-2.543611813313907417e-03,2.520984818375121561e-03,-1.799776230725323956e+01
-2.551519001382226721e-03,2.513150963915002090e-03,-1.799776223213284609e+01
-2.559401539678496981e-03,2.505292309631885778e-03,-1.799776215724633488e+01
-2.567259350430145960e-03,2.497408933087598513e-03,-1.799776208259446264e+01
-2.575092356108647958e-03,2.489500912087804548e-03,-1.799776200817800387e+01
-2.582900479430296197e-03,2.481568324681246267e-03,-1.799776193399770463e+01
-2.590683643356959161e-03,2.473611249158967889e-03,-1.799776186005432876e+01
-2.598441771096842139e-03,2.465629764053546124e-03,-1.799776178634861523e+01
-2.606174786105242263e-03,2.457623948138315181e-03,-1.799776171288131721e+01
-2.613882612085305281e-03,2.449593880426584845e-03,-1.799776163965316655e+01
-2.621565172988775828e-03,2.441539640170867220e-03,-1.799776156666489868e+01
-2.629222393016749423e-03,2.433461306862088735e-03,-1.799776149391726321e+01
-2.636854196620416670e-03,2.425358960228811249e-03,-1.799776142141096713e+01
-2.644460508501808322e-03,2.417232680236440154e-03,-1.799776134914674586e+01
-2.652041253614541641e-03,2.409082547086436807e-03,-1.799776127712532059e+01
-2.659596357164552890e-03,2.400908641215529667e-03,-1.799776120534740897e+01
-2.667125744610840225e-03,2.392711043294917621e-03,-1.799776113381373222e+01
-2.674629341666196619e-03,2.384489834229474182e-03,-1.799776106252499730e+01
-2.682107074297942779e-03,2.376245095156946912e-03,-1.799776099148191477e+01
-2.689558868728654864e-03,2.367976907447165089e-03,-1.799776092068518807e+01
-2.696984651436893504e-03,2.359685352701226552e-03,-1.799776085013552418e+01
-2.704384349157926311e-03,2.351370512750698000e-03,-1.799776077983362654e+01
-2.711757888884455160e-03,2.343032469656807035e-03,-1.799776070978018794e+01
-2.719105197867327864e-03,2.334671305709630756e-03,-1.799776063997590470e+01
-2.726426203616262416e-03,2.326287103427283898e-03,-1.799776057042146604e+01
-2.733720833900558662e-03,2.317879945555105688e-03,-1.799776050111756831e+01
-2.740989016749806502e-03,2.309449915064843220e-03,-1.799776043206489362e+01
-2.748230680454604932e-03,2.300997095153833102e-03,-1.799776036326412054e+01
-2.755445753567256368e-03,2.292521569244178759e-03,-1.799776029471593830e+01
-2.762634164902480916e-03,2.284023420981927746e-03,-1.799776022642102191e+01
-2.769795843538112434e-03,2.275502734236246882e-03,-1.799776015838004994e+01
-2.776930718815802390e-03,2.266959593098595224e-03,-1.799776009059369386e+01
-2.784038720341708555e-03,2.258394081881893566e-03,-1.799776002306261802e+01
-2.791119777987195825e-03,2.249806285119690039e-03,-1.799775995578750099e+01
-2.798173821889527943e-03,2.241196287565333511e-03,-1.799775988876900001e+01
-2.805200782452546646e-03,2.232564174191126617e-03,-1.799775982200778301e+01
-2.812200590347370324e-03,2.223910030187497416e-03,-1.799775975550450013e+01
-2.819173176513067522e-03,2.215233940962151558e-03,-1.799775968925981928e+01
-2.826118472157341729e-03,2.206535992139233102e-03,-1.799775962327439416e+01
-2.833036408757208784e-03,2.197816269558479276e-03,-1.799775955754886425e+01
-2.839926918059672116e-03,2.189074859274372630e-03,-1.799775949208389392e+01
-2.846789932082395818e-03,2.180311847555291890e-03,-1.799775942688012265e+01
-2.853625383114376420e-03,2.171527320882663242e-03,-1.799775936193819703e+01
-2.860433203716602514e-03,2.162721365950101646e-03,-1.799775929725875301e+01
-2.867213326722731302e-03,2.153894069662561691e-03,-1.799775923284243362e+01
-2.873965685239738242e-03,2.145045519135476732e-03,-1.799775916868988190e+01
-2.880690212648587961e-03,2.136175801693898472e-03,-1.799775910480171603e+01
-2.887386842604881300e-03,2.127285004871638276e-03,-1.799775904117857905e+01
-2.894055509039513210e-03,2.118373216410401536e-03,-1.799775897782109269e+01
-2.900696146159327179e-03,2.109440524258922051e-03,-1.799775891472988576e+01
-2.907308688447756209e-03,2.100487016572095099e-03,-1.799775885190558000e+01
-2.913893070665473338e-03,2.091512781710107034e-03,-1.799775878934879358e+01
-2.920449227851035223e-03,2.082517908237564025e-03,-1.799775872706014823e+01
-2.926977095321518351e-03,2.073502484922616889e-03,-1.799775866504025856e+01
-2.933476608673161751e-03,2.064466600736088089e-03,-1.799775860328973209e+01
-2.939947703781996269e-03,2.055410344850589627e-03,-1.799775854180918344e+01
-2.946390316804481640e-03,2.046333806639648745e-03,-1.799775848059922367e+01
-2.952804384178131427e-03,2.037237075676821049e-03,-1.799775841966043899e+01
-2.959189842622140989e-03,2.028120241734809696e-03,-1.799775835899345111e+01
-2.965546629138011547e-03,2.018983394784579395e-03,-1.799775829859884624e+01
-2.971874681010172516e-03,2.009826624994466918e-03,-1.799775823847722833e+01
-2.978173935806595167e-03,2.000650022729294226e-03,-1.799775817862919070e+01
-2.984444331379413218e-03,1.991453678549475522e-03,-1.799775811905531242e+01
-2.990685805865529560e-03,1.982237683210123867e-03,-1.799775805975619747e+01
-2.996898297687231212e-03,1.973002127660154325e-03,-1.799775800073242138e+01
-3.003081745552793873e-03,1.963747103041391454e-03,-1.799775794198456680e+01
-3.009236088457083874e-03,1.954472700687662906e-03,-1.799775788351321992e+01
-3.015361265682164893e-03,1.945179012123907135e-03,-1.799775782531895274e+01
-3.021457216797889065e-03,1.935866129065261145e-03,-1.799775776740234079e+01
-3.027523881662498931e-03,1.926534143416163422e-03,-1.799775770976395961e+01
-3.033561200423216808e-03,1.917183147269442556e-03,-1.799775765240437053e+01
-3.039569113516834165e-03,1.907813232905411277e-03,-1.799775759532413844e+01
-3.045547561670303594e-03,1.898424492790955946e-03,-1.799775753852383531e+01
-3.051496485901311704e-03,1.889017019578618671e-03,-1.799775748200401893e+01
-3.057415827518874998e-03,1.879590906105694376e-03,-1.799775742576524351e+01
-3.063305528123908428e-03,1.870146245393305550e-03,-1.799775736980807039e+01
-3.069165529609801761e-03,1.860683130645488046e-03,-1.799775731413304669e+01
-3.074995774162995500e-03,1.851201655248272109e-03,-1.799775725874072663e+01
-3.080796204263549446e-03,1.841701912768758422e-03,-1.799775720363165377e+01
-3.086566762685706913e-03,1.832183996954199348e-03,-1.799775714880636812e+01
-3.092307392498462853e-03,1.822648001731071079e-03,-1.799775709426541681e+01
-3.098018037066121132e-03,1.813094021204147499e-03,-1.799775704000933985e+01
-3.103698640048854849e-03,1.803522149655570382e-03,-1.799775698603866658e+01
-3.109349145403261013e-03,1.793932481543924345e-03,-1.799775693235393703e+01
-3.114969497382914353e-03,1.784325111503301401e-03,-1.799775687895567344e+01
-3.120559640538911588e-03,1.774700134342365072e-03,-1.799775682584440162e+01
-3.126119519720423068e-03,1.765057645043419717e-03,-1.799775677302065802e+01
-3.131649080075236177e-03,1.755397738761473340e-03,-1.799775672048495068e+01
-3.137148267050290061e-03,1.745720510823294122e-03,-1.799775666823780540e+01
-3.142617026392221201e-03,1.736026056726475619e-03,-1.799775661627973378e+01
-3.148055304147892065e-03,1.726314472138492208e-03,-1.799775656461125450e+01
-3.153463046664924108e-03,1.716585852895754962e-03,-1.799775651323287207e+01
-3.158840200592229457e-03,1.706840295002667526e-03,-1.799775646214509095e+01
-3.164186712880532638e-03,1.697077894630678527e-03,-1.799775641134842630e+01
-3.169502530782894456e-03,1.687298748117332242e-03,-1.799775636084337194e+01
-3.174787601855233281e-03,1.677502951965319927e-03,-1.799775631063042525e+01
-3.180041873956841129e-03,1.667690602841527450e-03,-1.799775626071008361e+01
-3.185265295250896272e-03,1.657861797576079673e-03,-1.799775621108284440e+01
-3.190457814204975852e-03,1.648016633161388965e-03,-1.799775616174919080e+01
-3.195619379591560678e-03,1.638155206751194587e-03,-1.799775611270960951e+01
-3.200749940488544377e-03,1.628277615659607953e-03,-1.799775606396459082e+01
-3.205849446279732552e-03,1.618383957360150721e-03,-1.799775601551461079e+01
-3.210917846655339785e-03,1.608474329484792459e-03,-1.799775596736014904e+01
-3.215955091612490106e-03,1.598548829822990470e-03,-1.799775591950168163e+01
-3.220961131455704445e-03,1.588607556320722689e-03,-1.799775587193967752e+01
-3.225935916797394165e-03,1.578650607079522738e-03,-1.799775582467461277e+01
-3.230879398558347652e-03,1.568678080355512391e-03,-1.799775577770694568e+01
-3.235791527968211265e-03,1.558690074558431206e-03,-1.799775573103714521e+01
-3.240672256565969422e-03,1.548686688250668119e-03,-1.799775568466567321e+01
-3.245521536200428152e-03,1.538668020146286095e-03,-1.799775563859298089e+01
-3.250339319030681740e-03,1.528634169110052420e-03,-1.799775559281953363e+01
-3.255125557526591506e-03,1.518585234156459443e-03,-1.799775554734577199e+01
-3.259880204469245511e-03,1.508521314448750539e-03,-1.799775550217215070e+01
-3.264603212951434300e-03,1.498442509297942581e-03,-1.799775545729911030e+01
-3.269294536378102370e-03,1.488348918161843011e-03,-1.799775541272710200e+01
-3.273954128466816105e-03,1.478240640644072753e-03,-1.799775536845655566e+01
-3.278581943248214808e-03,1.468117776493081759e-03,-1.799775532448791893e+01
-3.283177935066464333e-03,1.457980425601165201e-03,-1.799775528082162168e+01
-3.287742058579709407e-03,1.447828688003479454e-03,-1.799775523745809025e+01
-3.292274268760516428e-03,1.437662663877052431e-03,-1.799775519439775806e+01
-3.296774520896321881e-03,1.427482453539800000e-03,-1.799775515164104789e+01
-3.301242770589868630e-03,1.417288157449533284e-03,-1.799775510918838606e+01
-3.305678973759644361e-03,1.407079876202967919e-03,-1.799775506704018824e+01
-3.310083086640318306e-03,1.396857710534733744e-03,-1.799775502519686654e+01
-3.314455065783171017e-03,1.386621761316379504e-03,-1.799775498365883664e+01
-3.318794868056521540e-03,1.376372129555380585e-03,-1.799775494242651064e+01
-3.323102450646150691e-03,1.366108916394136782e-03,-1.799775490150029356e+01
-3.327377771055729534e-03,1.355832223108982635e-03,-1.799775486088059040e+01
-3.331620787107232671e-03,1.345542151109183461e-03,-1.799775482056779907e+01
-3.335831456941352850e-03,1.335238801935936153e-03,-1.799775478056232458e+01
-3.340009739017918162e-03,1.324922277261368891e-03,-1.799775474086455418e+01
-3.344155592116298831e-03,1.314592678887536526e-03,-1.799775470147488576e+01
-3.348268975335810978e-03,1.304250108745417473e-03,-1.799775466239370303e+01
-3.352349848096123838e-03,1.293894668893909956e-03,-1.799775462362139322e+01
-3.356398170137656588e-03,1.283526461518821968e-03,-1.799775458515834003e+01
-3.360413901521979493e-03,1.273145588931867299e-03,-1.799775454700492716e+01
-3.364397002632197719e-03,1.262752153569652886e-03,-1.799775450916152053e+01
-3.368347434173353788e-03,1.252346257992671382e-03,-1.799775447162850028e+01
-3.372265157172807479e-03,1.241928004884288719e-03,-1.799775443440624301e+01
-3.376150132980619209e-03,1.231497497049730168e-03,-1.799775439749510042e+01
-3.380002323269936434e-03,1.221054837415068341e-03,-1.799775436089544911e+01
-3.383821690037365753e-03,1.210600129026207297e-03,-1.799775432460764790e+01
-3.387608195603346740e-03,1.200133475047865340e-03,-1.799775428863205562e+01
-3.391361802612531846e-03,1.189654978762558907e-03,-1.799775425296902753e+01
-3.395082474034144190e-03,1.179164743569584501e-03,-1.799775421761890826e+01
-3.398770173162347918e-03,1.168662872983996289e-03,-1.799775418258204951e+01
-3.402424863616610329e-03,1.158149470635588037e-03,-1.799775414785881011e+01
-3.406046509342053157e-03,1.147624640267868755e-03,-1.799775411344951692e+01
-3.409635074609819894e-03,1.137088485737042460e-03,-1.799775407935451454e+01
-3.413190524017417106e-03,1.126541111010980574e-03,-1.799775404557414049e+01
-3.416712822489069608e-03,1.115982620168199735e-03,-1.799775401210872872e+01
-3.420201935276061776e-03,1.105413117396832024e-03,-1.799775397895860962e+01
-3.423657827957083625e-03,1.094832706993600826e-03,-1.799775394612411006e+01
-3.427080466438566040e-03,1.084241493362789969e-03,-1.799775391360555332e+01
-3.430469816955020786e-03,1.073639581015215037e-03,-1.799775388140325916e+01
-3.433825846069371406e-03,1.063027074567192290e-03,-1.799775384951754376e+01
-3.437148520673281513e-03,1.052404078739507809e-03,-1.799775381794873397e+01
-3.440437807987482659e-03,1.041770698356382511e-03,-1.799775378669712467e+01
-3.443693675562097423e-03,1.031127038344442377e-03,-1.799775375576303205e+01
-3.446916091276953399e-03,1.020473203731678052e-03,-1.799775372514676164e+01
-3.450105023341911489e-03,1.009809299646415503e-03,-1.799775369484861898e+01
-3.453260440297170348e-03,9.991354313162738830e-04,-1.799775366486889894e+01
-3.456382311013574300e-03,9.884517040671307684e-04,-1.799775363520789639e+01
-3.459470604692928188e-03,9.777582233220826272e-04,-1.799775360586590622e+01
-3.462525290868295313e-03,9.670550946004045261e-04,-1.799775357684321264e+01
-3.465546339404298407e-03,9.563424235165113568e-04,-1.799775354814011408e+01
-3.468533720497417143e-03,9.456203157789139658e-04,-1.799775351975688409e+01
-3.471487404676281731e-03,9.348888771891783207e-04,-1.799775349169380334e+01
-3.474407362801963921e-03,9.241482136408818568e-04,-1.799775346395115250e+01
-3.477293566068262367e-03,9.133984311185688485e-04,-1.799775343652920157e+01
-3.480145986001987549e-03,9.026396356967051303e-04,-1.799775340942822766e+01
-3.482964594463242372e-03,8.918719335386323830e-04,-1.799775338264849012e+01
-3.485749363645699716e-03,8.810954308955212290e-04,-1.799775335619025540e+01
-3.488500266076873489e-03,8.703102341053231333e-04,-1.799775333005378997e+01
-3.491217274618397051e-03,8.595164495917224142e-04,-1.799775330423934960e+01
-3.493900362466278216e-03,8.487141838630855428e-04,-1.799775327874718656e+01
-3.496549503151175509e-03,8.379035435114117435e-04,-1.799775325357754951e+01
-3.499164670538651867e-03,8.270846352112819688e-04,-1.799775322873069783e+01
-3.501745838829433549e-03,8.162575657188063556e-04,-1.799775320420686597e+01
-3.504292982559667740e-03,8.054224418705715734e-04,-1.799775318000629909e+01
-3.506806076601165414e-03,7.945793705825874133e-04,-1.799775315612923876e+01
-3.509285096161659807e-03,7.837284588492326185e-04,-1.799775313257591947e+01
-3.511730016785038436e-03,7.728698137421991963e-04,-1.799775310934656858e+01
-3.514140814351595071e-03,7.620035424094373814e-04,-1.799775308644142058e+01
-3.516517465078263481e-03,7.511297520740986468e-04,-1.799775306386070639e+01
-3.518859945518847728e-03,7.402485500334775228e-04,-1.799775304160463563e+01
-3.521168232564257216e-03,7.293600436579551500e-04,-1.799775301967343566e+01
-3.523442303442733941e-03,7.184643403899388216e-04,-1.799775299806733031e+01
-3.525682135720076705e-03,7.075615477428035850e-04,-1.799775297678651853e+01
-3.527887707299862726e-03,6.966517732998317837e-04,-1.799775295583122059e+01
-3.530058996423663612e-03,6.857351247131517318e-04,-1.799775293520163899e+01
-3.532195981671260466e-03,6.748117097026769306e-04,-1.799775291489797979e+01
-3.534298641960854654e-03,6.638816360550425745e-04,-1.799775289492043839e+01
-3.536366956549278143e-03,6.529450116225442259e-04,-1.799775287526922085e+01
-3.538400905032191689e-03,6.420019443220729115e-04,-1.799775285594450835e+01
-3.540400467344295178e-03,6.310525421340517369e-04,-1.799775283694650696e+01
-3.542365623759515837e-03,6.200969131013705496e-04,-1.799775281827539075e+01
-3.544296354891206431e-03,6.091351653283211438e-04,-1.799775279993135157e+01
-3.546192641692339984e-03,5.981674069795308397e-04,-1.799775278191456351e+01
-3.548054465455691055e-03,5.871937462788957363e-04,-1.799775276422521131e+01
-3.549881807814024830e-03,5.762142915085137485e-04,-1.799775274686347259e+01
-3.551674650740273623e-03,5.652291510076169929e-04,-1.799775272982950725e+01
-3.553432976547720758e-03,5.542384331715030903e-04,-1.799775271312349290e+01
-3.555156767890168407e-03,5.432422464504661416e-04,-1.799775269674559297e+01
-3.556846007762110191e-03,5.322406993487279218e-04,-1.799775268069596379e+01
-3.558500679498904657e-03,5.212339004233677723e-04,-1.799775266497476878e+01
-3.560120766776929228e-03,5.102219582832516259e-04,-1.799775264958216070e+01
-3.561706253613748045e-03,4.992049815879612490e-04,-1.799775263451829233e+01
-3.563257124368269385e-03,4.881830790467228329e-04,-1.799775261978331642e+01
-3.564773363740895290e-03,4.771563594173358017e-04,-1.799775260537737154e+01
-3.566254956773678552e-03,4.661249315050986939e-04,-1.799775259130060334e+01
-3.567701888850461928e-03,4.550889041617370485e-04,-1.799775257755315039e+01
-3.569114145697032097e-03,4.440483862843309665e-04,-1.799775256413514768e+01
-3.570491713381250196e-03,4.330034868142400707e-04,-1.799775255104673022e+01
-3.571834578313197103e-03,4.219543147360293317e-04,-1.799775253828801880e+01
-3.573142727245303546e-03,4.109009790763948951e-04,-1.799775252585915197e+01
-3.574416147272478032e-03,3.998435889030887698e-04,-1.799775251376024343e+01
-3.575654825832242593e-03,3.887822533238434073e-04,-1.799775250199141752e+01
-3.576858750704846844e-03,3.777170814852957403e-04,-1.799775249055278437e+01
-3.578027910013394618e-03,3.666481825719106777e-04,-1.799775247944446477e+01
-3.579162292223957154e-03,3.555756658049048714e-04,-1.799775246866656531e+01
-3.580261886145691061e-03,3.444996404411697789e-04,-1.799775245821918546e+01
-3.581326680930942401e-03,3.334202157721932605e-04,-1.799775244810243890e+01
-3.582356666075362048e-03,3.223375011229835641e-04,-1.799775243831642157e+01
-3.583351831418000663e-03,3.112516058509896756e-04,-1.799775242886122584e+01
-3.584312167141414079e-03,3.001626393450241106e-04,-1.799775241973695472e+01
-3.585237663771756109e-03,2.890707110241838617e-04,-1.799775241094368283e+01
-3.586128312178877425e-03,2.779759303367712923e-04,-1.799775240248151320e+01
-3.586984103576409694e-03,2.668784067592147591e-04,-1.799775239435052043e+01
-3.587805029521857082e-03,2.557782497949899394e-04,-1.799775238655078624e+01
-3.588591081916673881e-03,2.446755689735389356e-04,-1.799775237908238879e+01
-3.589342253006350385e-03,2.335704738491910877e-04,-1.799775237194539912e+01
-3.590058535380484875e-03,2.224630740000822673e-04,-1.799775236513988830e+01
-3.590739921972858645e-03,2.113534790270743622e-04,-1.799775235866593093e+01
-3.591386406061503663e-03,2.002417985526748685e-04,-1.799775235252358030e+01
-3.591997981268773253e-03,1.891281422199555889e-04,-1.799775234671290391e+01
-3.592574641561399780e-03,1.780126196914714933e-04,-1.799775234123395151e+01
-3.593116381250554062e-03,1.668953406481795256e-04,-1.799775233608678349e+01
-3.593623194991907820e-03,1.557764147883571113e-04,-1.799775233127145668e+01
-3.594095077785679649e-03,1.446559518265202874e-04,-1.799775232678800307e+01
-3.594532024976687060e-03,1.335340614923418302e-04,-1.799775232263648306e+01
-3.594934032254392450e-03,1.224108535295695475e-04,-1.799775231881692150e+01
-3.595301095652944298e-03,1.112864376949437162e-04,-1.799775231532937170e+01
-3.595633211551217939e-03,1.001609237571151700e-04,-1.799775231217385851e+01
-3.595930376672849382e-03,8.903442149556261599e-05,-1.799775230935041037e+01
-3.596192588086268710e-03,7.790704069951034244e-05,-1.799775230685906280e+01
-3.596419843204726532e-03,6.677889116684550806e-05,-1.799775230469984422e+01
-3.596612139786328245e-03,5.565008270303561331e-05,-1.799775230287276528e+01
-3.596769475934042705e-03,4.452072512004549089e-05,-1.799775230137784732e+01
-3.596891850095732587e-03,3.339092823525477053e-05,-1.799775230021510453e+01
-3.596979261064159588e-03,2.226080187037478134e-05,-1.799775229938455468e+01
-3.597031707977007848e-03,1.113045585036580148e-05,-1.799775229888619776e+01
-3.597049190316881778e-03,2.353994093186594821e-15,-1.799775229872004090e+01
-3.597031707911316906e-03,-1.113045584545148064e-05,-1.799775229888609118e+01
-3.596979260932780306e-03,-2.226080186484147763e-05,-1.799775229938433796e+01
-3.596891849898667566e-03,-3.339092822868982473e-05,-1.799775230021478478e+01
-3.596769475671303656e-03,-4.452072511203634714e-05,-1.799775230137741744e+01
-3.596612139457922974e-03,-5.565008269316971235e-05,-1.799775230287222527e+01
-3.596419842810669350e-03,-6.677889115471041261e-05,-1.799775230469920118e+01
-3.596192587626572193e-03,-7.790704068469360844e-05,-1.799775230685831673e+01
-3.595930376147535214e-03,-8.903442147765208399e-05,-1.799775230934955417e+01
-3.595633210960305637e-03,-1.001609237356986399e-04,-1.799775231217288862e+01
-3.595301094996456847e-03,-1.112864376696091911e-04,-1.799775231532829523e+01
-3.594934031532356303e-03,-1.224108534999051798e-04,-1.799775231881574200e+01
-3.594532024189130408e-03,-1.335340614579359753e-04,-1.799775232263518987e+01
-3.594095076932632415e-03,-1.446559517869613280e-04,-1.799775232678661041e+01
-3.593623194073405133e-03,-1.557764147432338638e-04,-1.799775233126995033e+01
-3.593116380266631917e-03,-1.668953405970809145e-04,-1.799775233608517766e+01
-3.592574640512096341e-03,-1.780126196339866333e-04,-1.799775234123223555e+01
-3.591997980154132322e-03,-1.891281421556739739e-04,-1.799775234671107782e+01
-3.591386404881568174e-03,-2.002417984811862093e-04,-1.799775235252164762e+01
-3.590739920727672833e-03,-2.113534789479684780e-04,-1.799775235866388812e+01
-3.590058534070099915e-03,-2.224630739129494653e-04,-1.799775236513774601e+01
-3.589342251630816584e-03,-2.335704737536220001e-04,-1.799775237194314315e+01
-3.588591080476047617e-03,-2.446755688691245201e-04,-1.799775237908002623e+01
-3.587805028016193866e-03,-2.557782496813214247e-04,-1.799775238654832066e+01
-3.586984102005770243e-03,-2.668784066358838346e-04,-1.799775239434794472e+01
-3.586128310543321585e-03,-2.779759302033698643e-04,-1.799775240247883445e+01
-3.585237662071350667e-03,-2.890707108803045413e-04,-1.799775241094089751e+01
-3.584312165376223221e-03,-3.001626391902595631e-04,-1.799775241973405571e+01
-3.583351829588097680e-03,-3.112516056849331625e-04,-1.799775242885822735e+01
-3.582356664180817631e-03,-3.223375009452286721e-04,-1.799775243831331295e+01
-3.581326678971831143e-03,-3.334202155823344439e-04,-1.799775244809922370e+01
-3.580261884122087988e-03,-3.444996402388013834e-04,-1.799775245821586722e+01
-3.579162290135945966e-03,-3.555756655896224355e-04,-1.799775246866313694e+01
-3.578027907861055547e-03,-3.666481823433094685e-04,-1.799775247944093337e+01
-3.576858748488265759e-03,-3.777170812429719469e-04,-1.799775249054914639e+01
-3.575654823551507096e-03,-3.887822530673939775e-04,-1.799775250198766940e+01
-3.574416144927677029e-03,-3.998435886321107598e-04,-1.799775251375638874e+01
-3.573142724836529845e-03,-4.109009787904862286e-04,-1.799775252585519070e+01
-3.571834575840546980e-03,-4.219543144347884744e-04,-1.799775253828395094e+01
-3.570491710844820796e-03,-4.330034864972660846e-04,-1.799775255104255223e+01
-3.569114143096923167e-03,-4.440483859512236726e-04,-1.799775256413086666e+01
-3.567701886186776250e-03,-4.550889038120963762e-04,-1.799775257754876279e+01
-3.566254954046519775e-03,-4.661249311385256026e-04,-1.799775259129610916e+01
-3.564773360950373136e-03,-4.771563590334323350e-04,-1.799775260537276722e+01
-3.563257121514491841e-03,-4.881830786450909259e-04,-1.799775261977860907e+01
-3.561706250696829602e-03,-4.992049811682038127e-04,-1.799775263451348195e+01
-3.560120763796984812e-03,-5.102219578449726555e-04,-1.799775264957724019e+01
-3.558500676456051795e-03,-5.212338999661717508e-04,-1.799775266496974169e+01
-3.556846004656469447e-03,-5.322406988722198744e-04,-1.799775268069083367e+01
-3.555156764721859909e-03,-5.432422459542518524e-04,-1.799775269674035272e+01
-3.553432973316872877e-03,-5.542384326551896443e-04,-1.799775271311815317e+01
-3.551674647447012993e-03,-5.652291504708119091e-04,-1.799775272982405738e+01
-3.549881804458478521e-03,-5.762142909508251960e-04,-1.799775274685791615e+01
-3.548054462037994808e-03,-5.871937456999328604e-04,-1.799775276421955184e+01
-3.546192638212627805e-03,-5.981674063789037613e-04,-1.799775278190879391e+01
-3.544296351349616233e-03,-6.091351647056406343e-04,-1.799775279992547539e+01
-3.542365620156184228e-03,-6.200969124562482476e-04,-1.799775281826941153e+01
-3.540400463679367875e-03,-6.310525414661002572e-04,-1.799775283694042116e+01
-3.538400901305813109e-03,-6.420019436309060612e-04,-1.799775285593831953e+01
-3.536366952761593567e-03,-6.529450109077762458e-04,-1.799775287526292544e+01
-3.534298638112015438e-03,-6.638816353162888982e-04,-1.799775289491403996e+01
-3.532195977761417530e-03,-6.748117089395537505e-04,-1.799775291489147122e+01
-3.530058992452970914e-03,-6.857351239252764330e-04,-1.799775293519503094e+01
-3.527887703268478125e-03,-6.966517724868225101e-04,-1.799775295582450596e+01
-3.525682131628158061e-03,-7.075615469042795648e-04,-1.799775297677970087e+01
-3.523442299290442149e-03,-7.184643395255203673e-04,-1.799775299806040252e+01
-3.521168228351758377e-03,-7.293600427672634412e-04,-1.799775301966641194e+01
-3.518859941246307074e-03,-7.402485491161351489e-04,-1.799775304159749822e+01
-3.516517460745848846e-03,-7.511297511297284138e-04,-1.799775306385346596e+01
-3.514140809959479493e-03,-7.620035414376642637e-04,-1.799775308643407712e+01
-3.511730012333392353e-03,-7.728698127426483853e-04,-1.799775310933911854e+01
-3.509285091650660594e-03,-7.837284578215306064e-04,-1.799775313256836284e+01
-3.506806072030992615e-03,-7.945793695263624274e-04,-1.799775315612157911e+01
-3.504292977930499597e-03,-8.054224407854521659e-04,-1.799775317999853996e+01
-3.501745834141453944e-03,-8.162575646044225967e-04,-1.799775320419899671e+01
-3.499164665792043813e-03,-8.270846340672646877e-04,-1.799775322872272554e+01
-3.496549498346127657e-03,-8.379035423373935041e-04,-1.799775325356947420e+01
-3.493900357602980518e-03,-8.487141826586996679e-04,-1.799775327873900466e+01
-3.491217269697041194e-03,-8.595164483566038530e-04,-1.799775330423106467e+01
-3.488500261097653762e-03,-8.703102328391075938e-04,-1.799775333004540556e+01
-3.485749358608811709e-03,-8.810954295978455034e-04,-1.799775335618176797e+01
-3.482964589368886879e-03,-8.918719322091354321e-04,-1.799775338263989255e+01
-3.480145980850364498e-03,-9.026396343350262400e-04,-1.799775340941952706e+01
-3.477293560859574719e-03,-9.133984297243491479e-04,-1.799775343652040149e+01
-3.474407357536418543e-03,-9.241482122137635591e-04,-1.799775346394224229e+01
-3.471487399354085054e-03,-9.348888757288046150e-04,-1.799775349168479366e+01
-3.468533715118778636e-03,-9.456203142849294507e-04,-1.799775351974776783e+01
-3.465546333969432308e-03,-9.563424219885626907e-04,-1.799775354813089834e+01
-3.462525285377414993e-03,-9.670550930381389097e-04,-1.799775357683389743e+01
-3.459470599146250921e-03,-9.777582217251488874e-04,-1.799775360585648087e+01
-3.456382305411318662e-03,-9.884517024351788163e-04,-1.799775363519837157e+01
-3.453260434639556214e-03,-9.991354296489559066e-04,-1.799775366485927108e+01
-3.450105017629165240e-03,-1.009809297943384124e-03,-1.799775369483889165e+01
-3.446916085509297949e-03,-1.020473201992587843e-03,-1.799775372513693128e+01
-3.443693669739760453e-03,-1.031127036568948562e-03,-1.799775375575309866e+01
-3.440437802110695754e-03,-1.041770696544143133e-03,-1.799775378668708470e+01
-3.437148514742275392e-03,-1.052404076890180694e-03,-1.799775381793859452e+01
-3.433825840084380257e-03,-1.063027072680438083e-03,-1.799775384950730484e+01
-3.430469810916280532e-03,-1.073639579090695031e-03,-1.799775388139291366e+01
-3.427080460346315638e-03,-1.084241491400168064e-03,-1.799775391359510834e+01
-3.423657821811562467e-03,-1.094832704992540484e-03,-1.799775394611355850e+01
-3.420201929077514025e-03,-1.105413115357000179e-03,-1.799775397894795859e+01
-3.416712816237738558e-03,-1.115982618089263537e-03,-1.799775401209798176e+01
-3.413190517713550823e-03,-1.126541108892609774e-03,-1.799775404556329050e+01
-3.409635068253665576e-03,-1.137088483578907461e-03,-1.799775407934356153e+01
-3.406046502933862772e-03,-1.147624638069641911e-03,-1.799775411343846088e+01
-3.402424857156635847e-03,-1.158149468396943438e-03,-1.799775414784765104e+01
-3.398770166650845644e-03,-1.168662870704609323e-03,-1.799775418257079451e+01
-3.395082467471369995e-03,-1.179164741249132294e-03,-1.799775421760754668e+01
-3.391361795998744637e-03,-1.189654976400720317e-03,-1.799775425295756293e+01
-3.387608188938808895e-03,-1.200133472644320746e-03,-1.799775428862049509e+01
-3.383821683322337914e-03,-1.210600126580638593e-03,-1.799775432459598790e+01
-3.380002316504686615e-03,-1.221054834927159374e-03,-1.799775436088368608e+01
-3.376150126165413691e-03,-1.231497494519165868e-03,-1.799775439748324146e+01
-3.372265150307913843e-03,-1.241928002310756186e-03,-1.799775443439428102e+01
-3.368347427259044385e-03,-1.252346255375859883e-03,-1.799775447161644237e+01
-3.364396995668744034e-03,-1.262752150909252340e-03,-1.799775450914935604e+01
-3.360413894509656912e-03,-1.273145586227570009e-03,-1.799775454699266319e+01
-3.356398163076742235e-03,-1.283526458770321973e-03,-1.799775458514598014e+01
-3.352349840986895702e-03,-1.293894666100902811e-03,-1.799775462360893385e+01
-3.348268968178551384e-03,-1.304250105907600902e-03,-1.799775466238114419e+01
-3.344155584911288372e-03,-1.314592676004608688e-03,-1.799775470146222744e+01
-3.340009731765443066e-03,-1.324922274333031631e-03,-1.799775474085179994e+01
-3.335831449641697179e-03,-1.335238798961891965e-03,-1.799775478054946731e+01
-3.331620779760684822e-03,-1.345542148089136792e-03,-1.799775482055484588e+01
-3.327377763662580507e-03,-1.355832220042639882e-03,-1.799775486086753418e+01
-3.323102443206691920e-03,-1.366108913281205862e-03,-1.799775490148714141e+01
-3.318794860571046192e-03,-1.376372126395571365e-03,-1.799775494241325902e+01
-3.314455058251976598e-03,-1.386621758109405755e-03,-1.799775498364548554e+01
-3.310083079063699286e-03,-1.396857707280306851e-03,-1.799775502518341597e+01
-3.305678966137900413e-03,-1.407079872900804038e-03,-1.799775506702664174e+01
-3.301242762923301596e-03,-1.417288154099350739e-03,-1.799775510917474364e+01
-3.296774513185234470e-03,-1.427482450141317550e-03,-1.799775515162730599e+01
-3.292274261005211783e-03,-1.437662660429991001e-03,-1.799775519438392024e+01
-3.287742050780494141e-03,-1.447828684507562790e-03,-1.799775523744415295e+01
-3.283177927223646358e-03,-1.457980422056118783e-03,-1.799775528080758846e+01
-3.278581935362102906e-03,-1.468117772898631934e-03,-1.799775532447378623e+01
-3.273954120537723826e-03,-1.478240636999949122e-03,-1.799775536844232704e+01
-3.269294528406341098e-03,-1.488348914467776040e-03,-1.799775541271277390e+01
-3.264603204937318020e-03,-1.498442505553665123e-03,-1.799775545728468984e+01
-3.259880196413091676e-03,-1.508521310653998266e-03,-1.799775550215762721e+01
-3.255125549428716705e-03,-1.518585230310968461e-03,-1.799775554733115612e+01
-3.250339310891407329e-03,-1.528634165213562301e-03,-1.799775559280481829e+01
-3.245521528020073754e-03,-1.538668016198537717e-03,-1.799775563857817673e+01
-3.240672248344858997e-03,-1.548686684251404308e-03,-1.799775568465076958e+01
-3.235791519706668774e-03,-1.558690070507397392e-03,-1.799775573102214921e+01
-3.230879390256699221e-03,-1.568678076252454654e-03,-1.799775577769185020e+01
-3.225935908455967657e-03,-1.578650602924190627e-03,-1.799775582465942136e+01
-3.220961123074829024e-03,-1.588607552112867704e-03,-1.799775587192439019e+01
-3.215955083192495369e-03,-1.598548825562365414e-03,-1.799775591948629838e+01
-3.210917838196559668e-03,-1.608474325171152953e-03,-1.799775596734467342e+01
-3.205849437782500120e-03,-1.618383952993253903e-03,-1.799775601549903925e+01
-3.200749931953196167e-03,-1.628277611239213997e-03,-1.799775606394892336e+01
-3.195619371018431926e-03,-1.638155202277064319e-03,-1.799775611269384967e+01
-3.190457805594405696e-03,-1.648016628633286245e-03,-1.799775616173333503e+01
-3.185265286603226019e-03,-1.657861792993771182e-03,-1.799775621106689627e+01
-3.180041865272409483e-03,-1.667690598204780083e-03,-1.799775626069403955e+01
-3.174787593134384585e-03,-1.677502947273904702e-03,-1.799775631061428882e+01
-3.169502522025971752e-03,-1.687298743371020609e-03,-1.799775636082713959e+01
-3.164186704087882003e-03,-1.697077889829245404e-03,-1.799775641133210158e+01
-3.158840191764199137e-03,-1.706840290145890003e-03,-1.799775646212867386e+01
-3.153463037801861480e-03,-1.716585847983411860e-03,-1.799775651321635550e+01
-3.148055295250147111e-03,-1.726314467170364303e-03,-1.799775656459464912e+01
-3.142617017460145202e-03,-1.736026051702346503e-03,-1.799775661626303602e+01
-3.137148258084235166e-03,-1.745720505742948039e-03,-1.799775666822101172e+01
-3.131649071075555835e-03,-1.755397733624699304e-03,-1.799775672046806818e+01
-3.126119510687474200e-03,-1.765057639850007177e-03,-1.799775677300367960e+01
-3.120559631473047643e-03,-1.774700129092105210e-03,-1.799775682582733793e+01
-3.114969488284496588e-03,-1.784325106195989953e-03,-1.799775687893851028e+01
-3.109349136272646780e-03,-1.793932476179357915e-03,-1.799775693233668505e+01
-3.103698630886404537e-03,-1.803522144233547309e-03,-1.799775698602132579e+01
-3.098018027872197298e-03,-1.813094015724468723e-03,-1.799775703999190668e+01
-3.092307383273426753e-03,-1.822647996193540575e-03,-1.799775709424789483e+01
-3.086566753429925009e-03,-1.832183991358623263e-03,-1.799775714878875021e+01
-3.080796194977385161e-03,-1.841701907114943549e-03,-1.799775720361394349e+01
-3.074995764846816162e-03,-1.851201649536029364e-03,-1.799775725872292753e+01
-3.069165520263974697e-03,-1.860683124874630079e-03,-1.799775731411515878e+01
-3.063305518748801835e-03,-1.870146239563647396e-03,-1.799775736979009366e+01
-3.057415818114859671e-03,-1.879590900217052805e-03,-1.799775742574717441e+01
-3.051496476468759309e-03,-1.889017013630813922e-03,-1.799775748198585745e+01
-3.045547552209584494e-03,-1.898424486783808693e-03,-1.799775753850558502e+01
-3.039569104028325228e-03,-1.907813226838748696e-03,-1.799775759530580288e+01
-3.033561190907288398e-03,-1.917183141143087924e-03,-1.799775765238594261e+01
-3.027523872119529651e-03,-1.926534137229946953e-03,-1.799775770974544287e+01
-3.021457207228254484e-03,-1.935866122819014786e-03,-1.799775776738374233e+01
-3.015361256086242312e-03,-1.945179005817463487e-03,-1.799775782530026547e+01
-3.009236078835253198e-03,-1.954472694320859554e-03,-1.799775788349445094e+01
-3.003081735905432838e-03,-1.963747096614064033e-03,-1.799775794196571255e+01
-2.996898288014722325e-03,-1.973002121172146277e-03,-1.799775800071347831e+01
-2.990685796168254893e-03,-1.982237676661277766e-03,-1.799775805973717269e+01
-2.984444321657753977e-03,-1.991453671939637411e-03,-1.799775811903620593e+01
-2.978173926060936460e-03,-2.000650016058311449e-03,-1.799775817860999538e+01
-2.971874671240898151e-03,-2.009826618262189855e-03,-1.799775823845795131e+01
-2.965546619345507066e-03,-2.018983387990861463e-03,-1.799775829857949105e+01
-2.959189832806792802e-03,-2.028120234879506479e-03,-1.799775835897401066e+01
-2.952804374340326811e-03,-2.037237068759788997e-03,-1.799775841964092038e+01
-2.946390306944610040e-03,-2.046333799660749082e-03,-1.799775848057961980e+01
-2.939947693900446697e-03,-2.055410337809684875e-03,-1.799775854178950851e+01
-2.933476598770323220e-03,-2.064466593633042940e-03,-1.799775860326998256e+01
-2.926977085397782473e-03,-2.073502477757299071e-03,-1.799775866502042732e+01
-2.920449217906792745e-03,-2.082517901009843433e-03,-1.799775872704024593e+01
-2.913893060701118042e-03,-2.091512774419856599e-03,-1.799775878932881668e+01
-2.907308678463679710e-03,-2.100487009219189054e-03,-1.799775885188553204e+01
-2.900696136155925427e-03,-2.109440516843238099e-03,-1.799775891470977029e+01
-2.894055499017180420e-03,-2.118373208931819112e-03,-1.799775897780090972e+01
-2.887386832564011688e-03,-2.127284997330039854e-03,-1.799775904115833214e+01
-2.880690202589578780e-03,-2.136175794089169126e-03,-1.799775910478140517e+01
-2.873965675162987177e-03,-2.145045511467503271e-03,-1.799775916866951064e+01
-2.867213316628634736e-03,-2.153894061931235261e-03,-1.799775923282201262e+01
-2.860433193605560736e-03,-2.162721358155312960e-03,-1.799775929723827517e+01
-2.853625372986786680e-03,-2.171527313024308216e-03,-1.799775936191766590e+01
-2.846789921938659707e-03,-2.180311839633267742e-03,-1.799775942685954888e+01
-2.839926907900186884e-03,-2.189074851288578313e-03,-1.799775949206327752e+01
-2.833036398582376887e-03,-2.197816261508818512e-03,-1.799775955752821233e+01
-2.826118461967565623e-03,-2.206535984025609614e-03,-1.799775962325370671e+01
-2.819173166308749229e-03,-2.215233932784473406e-03,-1.799775968923911407e+01
-2.812200580128913167e-03,-2.223910021945674394e-03,-1.799775975548377360e+01
-2.805200772220353082e-03,-2.232564165885070687e-03,-1.799775982198703872e+01
-2.798173811644000860e-03,-2.241196279194960107e-03,-1.799775988874825572e+01
-2.791119767728742016e-03,-2.249806276684917193e-03,-1.799775995576676380e+01
-2.784038710070729609e-03,-2.258394073382640182e-03,-1.799776002304189504e+01
-2.776930708532705967e-03,-2.266959584534785407e-03,-1.799776009057299220e+01
-2.769795833243305326e-03,-2.275502725607804737e-03,-1.799776015835939091e+01
-2.762634154596366447e-03,-2.284023412288781283e-03,-1.799776022640041617e+01
-2.755445743250243499e-03,-2.292521560486258155e-03,-1.799776029469540006e+01
-2.748230670127100456e-03,-2.300997086331071570e-03,-1.799776036324366046e+01
-2.740989006412218511e-03,-2.309449906177176142e-03,-1.799776043204453657e+01
-2.733720823553292649e-03,-2.317879936602470180e-03,-1.799776050109733561e+01
-2.726426193259729510e-03,-2.326287094409621413e-03,-1.799776057040137545e+01
-2.719105187501934424e-03,-2.334671296626884482e-03,-1.799776063995598463e+01
-2.711757878510611015e-03,-2.343032460508924497e-03,-1.799776070976047038e+01
-2.704384338776041723e-03,-2.351370503537626288e-03,-1.799776077981413636e+01
-2.696984641047375699e-03,-2.359685343422915360e-03,-1.799776085011629689e+01
-2.689558858331916706e-03,-2.367976898103568879e-03,-1.799776092066626276e+01
-2.682107063894393229e-03,-2.376245085748022318e-03,-1.799776099146333408e+01
-2.674629331256245506e-03,-2.384489824755178268e-03,-1.799776106250681096e+01
-2.667125734194898245e-03,-2.392711033755213958e-03,-1.799776113379598996e+01
-2.659596346743030738e-03,-2.400908631610381393e-03,-1.799776120533017121e+01
-2.652041243187851314e-03,-2.409082537415810094e-03,-1.799776127710864770e+01
-2.644460498070360949e-03,-2.417232670500303778e-03,-1.799776134913070891e+01
-2.636854186184622514e-03,-2.425358950427138321e-03,-1.799776142139565138e+01
-2.629222382577021348e-03,-2.433461296994852367e-03,-1.799776149390275393e+01
-2.621565162545524529e-03,-2.441539630238044861e-03,-1.799776156665130245e+01
-2.613882601638943190e-03,-2.449593870428156545e-03,-1.799776163964057574e+01
-2.606174775656180508e-03,-2.457623938074262725e-03,-1.799776171286986681e+01
-2.598441760645493152e-03,-2.465629753923855635e-03,-1.799776178633843671e+01
-2.590683632903734504e-03,-2.473611238963625489e-03,-1.799776186004556777e+01
-2.582900468975607433e-03,-2.481568314420242848e-03,-1.799776193399053881e+01
-2.575092345652906217e-03,-2.489500901761133173e-03,-1.799776200817260730e+01
-2.567259339973762804e-03,-2.497408922695254843e-03,-1.799776208259104848e+01
-2.559401529221885276e-03,-2.505292299173869381e-03,-1.799776215724512340e+01
-2.551518990925795861e-03,-2.513150953391311664e-03,-1.799776223213410375e+01
-2.543611802858070266e-03,-2.520984807785761877e-03,-1.799776230725723991e+01
-2.535680043034566587e-03,-2.528793785040006625e-03,-1.799776238261379646e+01
-2.527723789713656830e-03,-2.536577808082200475e-03,-1.799776245820303089e+01
-2.519743121395458859e-03,-2.544336800086633571e-03,-1.799776253402419357e+01
-2.511738116821063144e-03,-2.552070684474486238e-03,-1.799776261007653844e+01
-2.503708854971747801e-03,-2.559779384914580118e-03,-1.799776268635930876e+01
-2.495655415068211407e-03,-2.567462825324140149e-03,-1.799776276287176202e+01
-2.487577876569785004e-03,-2.575120929869539194e-03,-1.799776283961313439e+01
-2.479476319173651040e-03,-2.582753622967048739e-03,-1.799776291658267624e+01
-2.471350822814058403e-03,-2.590360829283586130e-03,-1.799776299377962019e+01
-2.463201467661532695e-03,-2.597942473737455300e-03,-1.799776307120320951e+01
-2.455028334122087794e-03,-2.605498481499090527e-03,-1.799776314885267681e+01
-2.446831502836431787e-03,-2.613028777991792395e-03,-1.799776322672725470e+01
-2.438611054679172465e-03,-2.620533288892468084e-03,-1.799776330482617936e+01
-2.430367070758021955e-03,-2.628011940132359524e-03,-1.799776338314867630e+01
-2.422099632412993541e-03,-2.635464657897778045e-03,-1.799776346169397812e+01
-2.413808821215604125e-03,-2.642891368630834268e-03,-1.799776354046129967e+01
-2.405494718968065413e-03,-2.650291999030160179e-03,-1.799776361944987002e+01
-2.397157407702481605e-03,-2.657666476051633812e-03,-1.799776369865891112e+01
-2.388796969680038844e-03,-2.665014726909104362e-03,-1.799776377808763783e+01
-2.380413487390193369e-03,-2.672336679075103423e-03,-1.799776385773526144e+01
-2.372007043549862696e-03,-2.679632260281569235e-03,-1.799776393760100746e+01
-2.363577721102604664e-03,-2.686901398520554016e-03,-1.799776401768408007e+01
-2.355125603217802111e-03,-2.694144022044933900e-03,-1.799776409798369059e+01
-2.346650773289844522e-03,-2.701360059369123639e-03,-1.799776417849904675e+01
-2.338153314937302732e-03,-2.708549439269777002e-03,-1.799776425922935275e+01
-2.329633312002110136e-03,-2.715712090786493241e-03,-1.799776434017380922e+01
-2.321090848548727423e-03,-2.722847943222511408e-03,-1.799776442133162391e+01
-2.312526008863322480e-03,-2.729956926145417698e-03,-1.799776450270199035e+01
-2.303938877452933395e-03,-2.737038969387832390e-03,-1.799776458428410564e+01
-2.295329539044641855e-03,-2.744094003048107647e-03,-1.799776466607717396e+01
-2.286698078584728337e-03,-2.751121957491013594e-03,-1.799776474808037463e+01
-2.278044581237845083e-03,-2.758122763348430477e-03,-1.799776483029290475e+01
-2.269369132386169982e-03,-2.765096351520031706e-03,-1.799776491271395074e+01
-2.260671817628565235e-03,-2.772042653173961268e-03,-1.799776499534269902e+01
-2.251952722779736876e-03,-2.778961599747521542e-03,-1.799776507817833959e+01
-2.243211933869385631e-03,-2.785853122947841605e-03,-1.799776516122005177e+01
-2.234449537141360367e-03,-2.792717154752562877e-03,-1.799776524446701131e+01
-2.225665619052808516e-03,-2.799553627410497885e-03,-1.799776532791840111e+01
-2.216860266273318249e-03,-2.806362473442305504e-03,-1.799776541157339693e+01
-2.208033565684074107e-03,-2.813143625641159693e-03,-1.799776549543117099e+01
-2.199185604376990497e-03,-2.819897017073407387e-03,-1.799776557949090261e+01
-2.190316469653859951e-03,-2.826622581079234631e-03,-1.799776566375175335e+01
-2.181426249025486628e-03,-2.833320251273318408e-03,-1.799776574821289898e+01
-2.172515030210831963e-03,-2.839989961545489727e-03,-1.799776583287350107e+01
-2.163582901136139065e-03,-2.846631646061380683e-03,-1.799776591773272116e+01
-2.154629949934073595e-03,-2.853245239263075411e-03,-1.799776600278972793e+01
-2.145656264942855974e-03,-2.859830675869761904e-03,-1.799776608804368294e+01
-2.136661934705381440e-03,-2.866387890878368226e-03,-1.799776617349373709e+01
-2.127647047968357023e-03,-2.872916819564212600e-03,-1.799776625913905193e+01
-2.118611693681420310e-03,-2.879417397481637015e-03,-1.799776634497878192e+01
-2.109555960996266875e-03,-2.885889560464647771e-03,-1.799776643101208151e+01
-2.100479939265766007e-03,-2.892333244627545187e-03,-1.799776651723809451e+01
-2.091383718043084237e-03,-2.898748386365555905e-03,-1.799776660365597891e+01
-2.082267387080801932e-03,-2.905134922355462595e-03,-1.799776669026487852e+01
-2.073131036330027287e-03,-2.911492789556229324e-03,-1.799776677706393713e+01
-2.063974755939508143e-03,-2.917821925209618250e-03,-1.799776686405229853e+01
-2.054798636254745112e-03,-2.924122266840816723e-03,-1.799776695122910297e+01
-2.045602767817102097e-03,-2.930393752259051812e-03,-1.799776703859349070e+01
-2.036387241362908572e-03,-2.936636319558202663e-03,-1.799776712614460195e+01
-2.027152147822573140e-03,-2.942849907117413288e-03,-1.799776721388157341e+01
-2.017897578319676269e-03,-2.949034453601701022e-03,-1.799776730180353468e+01
-2.008623624170082986e-03,-2.955189897962563674e-03,-1.799776738990961888e+01
-1.999330376881033444e-03,-2.961316179438578441e-03,-1.799776747819895562e+01
-1.990017928150247806e-03,-2.967413237556005157e-03,-1.799776756667067801e+01
-1.980686369865015516e-03,-2.973481012129385211e-03,-1.799776765532390854e+01
-1.971335794101294978e-03,-2.979519443262130043e-03,-1.799776774415777680e+01
-1.961966293122802390e-03,-2.985528471347117900e-03,-1.799776783317139817e+01
-1.952577959380101882e-03,-2.991508037067280162e-03,-1.799776792236390222e+01
-1.943170885509699561e-03,-2.997458081396190722e-03,-1.799776801173440433e+01
-1.933745164333119330e-03,-3.003378545598643212e-03,-1.799776810128202698e+01
-1.924300888855999103e-03,-3.009269371231233867e-03,-1.799776819100587844e+01
-1.914838152267164676e-03,-3.015130500142939630e-03,-1.799776828090507763e+01
-1.905357047937718349e-03,-3.020961874475693639e-03,-1.799776837097873283e+01
-1.895857669420112582e-03,-3.026763436664952917e-03,-1.799776846122597007e+01
-1.886340110447230376e-03,-3.032535129440268231e-03,-1.799776855164587985e+01
-1.876804464931459580e-03,-3.038276895825851778e-03,-1.799776864223758110e+01
-1.867250826963769801e-03,-3.043988679141140536e-03,-1.799776873300017854e+01
-1.857679290812779341e-03,-3.049670423001348777e-03,-1.799776882393276978e+01
-1.848089950923831023e-03,-3.055322071318036618e-03,-1.799776891503446308e+01
-1.838482901918058474e-03,-3.060943568299653861e-03,-1.799776900630435961e+01
-1.828858238591453064e-03,-3.066534858452097268e-03,-1.799776909774155342e+01
-1.819216055913930622e-03,-3.072095886579255704e-03,-1.799776918934515280e+01
-1.809556449028391217e-03,-3.077626597783557436e-03,-1.799776928111424112e+01
-1.799879513249786093e-03,-3.083126937466509638e-03,-1.799776937304791957e+01
-1.790185344064173329e-03,-3.088596851329240053e-03,-1.799776946514527509e+01
-1.780474037127779789e-03,-3.094036285373034326e-03,-1.799776955740540885e+01
-1.770745688266056345e-03,-3.099445185899867266e-03,-1.799776964982739713e+01
-1.761000393472731589e-03,-3.104823499512932797e-03,-1.799776974241033756e+01
-1.751238248908867272e-03,-3.110171173117173057e-03,-1.799776983515332063e+01
-1.741459350901910065e-03,-3.115488153919803143e-03,-1.799776992805541553e+01
-1.731663795944740711e-03,-3.120774389430834139e-03,-1.799777002111571633e+01
-1.721851680694721012e-03,-3.126029827463585285e-03,-1.799777011433329932e+01
-1.712023101972745586e-03,-3.131254416135208305e-03,-1.799777020770725144e+01
-1.702178156762281479e-03,-3.136448103867193506e-03,-1.799777030123664190e+01
-1.692316942208415805e-03,-3.141610839385881523e-03,-1.799777039492055764e+01
-1.682439555616894490e-03,-3.146742571722969430e-03,-1.799777048875806784e+01
-1.672546094453167308e-03,-3.151843250216019438e-03,-1.799777058274824881e+01
-1.662636656341420337e-03,-3.156912824508948095e-03,-1.799777067689016619e+01
-1.652711339063620347e-03,-3.161951244552535858e-03,-1.799777077118289981e+01
-1.642770240558544433e-03,-3.166958460604914552e-03,-1.799777086562551531e+01
-1.632813458920817900e-03,-3.171934423232060461e-03,-1.799777096021707479e+01
-1.622841092399945635e-03,-3.176879083308283957e-03,-1.799777105495665808e+01
-1.612853239399343044e-03,-3.181792392016713922e-03,-1.799777114984331661e+01
-1.602849998475366780e-03,-3.186674300849780869e-03,-1.799777124487612312e+01
-1.592831468336340693e-03,-3.191524761609694418e-03,-1.799777134005413259e+01
-1.582797747841584819e-03,-3.196343726408922958e-03,-1.799777143537641777e+01
-1.572748936000437645e-03,-3.201131147670662012e-03,-1.799777153084202297e+01
-1.562685131971284233e-03,-3.205886978129311293e-03,-1.799777162645001027e+01
-1.552606435060572415e-03,-3.210611170830934401e-03,-1.799777172219944532e+01
-1.542512944721838308e-03,-3.215303679133728072e-03,-1.799777181808936888e+01
-1.532404760554722514e-03,-3.219964456708479701e-03,-1.799777191411884303e+01
-1.522281982303989997e-03,-3.224593457539028790e-03,-1.799777201028692275e+01
-1.512144709858544763e-03,-3.229190635922718836e-03,-1.799777210659264881e+01
-1.501993043250445621e-03,-3.233755946470850962e-03,-1.799777220303508329e+01
-1.491827082653918906e-03,-3.238289344109129310e-03,-1.799777229961325986e+01
-1.481646928384372508e-03,-3.242790784078112068e-03,-1.799777239632623704e+01
-1.471452680897403177e-03,-3.247260221933647318e-03,-1.799777249317305561e+01
-1.461244440787808378e-03,-3.251697613547318861e-03,-1.799777259015275988e+01
-1.451022308788594466e-03,-3.256102915106879464e-03,-1.799777268726439416e+01
-1.440786385769980086e-03,-3.260476083116677602e-03,-1.799777278450700280e+01
-1.430536772738405862e-03,-3.264817074398101981e-03,-1.799777288187961588e+01
-1.420273570835533464e-03,-3.269125846089993535e-03,-1.799777297938128129e+01
-1.409996881337252693e-03,-3.273402355649079973e-03,-1.799777307701103268e+01
-1.399706805652679679e-03,-3.277646560850389513e-03,-1.799777317476791083e+01
-1.389403445323155297e-03,-3.281858419787669380e-03,-1.799777327265094584e+01
-1.379086902021249214e-03,-3.286037890873807349e-03,-1.799777337065917493e+01
-1.368757277549751371e-03,-3.290184932841227691e-03,-1.799777346879162820e+01
-1.358414673840671258e-03,-3.294299504742317052e-03,-1.799777356704734288e+01
-1.348059192954230911e-03,-3.298381565949816494e-03,-1.799777366542533841e+01
-1.337690937077859422e-03,-3.302431076157228296e-03,-1.799777376392465555e+01
-1.327310008525184847e-03,-3.306447995379214067e-03,-1.799777386254431377e+01
-1.316916509735023728e-03,-3.310432283951987662e-03,-1.799777396128334317e+01
-1.306510543270372358e-03,-3.314383902533712001e-03,-1.799777406014077030e+01
-1.296092211817395212e-03,-3.318302812104884179e-03,-1.799777415911561462e+01
-1.285661618184411655e-03,-3.322188973968724039e-03,-1.799777425820690979e+01
-1.275218865300879615e-03,-3.326042349751550178e-03,-1.799777435741366460e+01
-1.264764056216384882e-03,-3.329862901403171128e-03,-1.799777445673490561e+01
-1.254297294099621747e-03,-3.333650591197252679e-03,-1.799777455616965582e+01
-1.243818682237376452e-03,-3.337405381731692149e-03,-1.799777465571693114e+01
-1.233328324033505872e-03,-3.341127235928990045e-03,-1.799777475537574745e+01
-1.222826323007922484e-03,-3.344816117036618699e-03,-1.799777485514512421e+01
-1.212312782795568278e-03,-3.348471988627378312e-03,-1.799777495502407021e+01
-1.201787807145395827e-03,-3.352094814599768623e-03,-1.799777505501161201e+01
-1.191251499919343928e-03,-3.355684559178333248e-03,-1.799777515510675130e+01
-1.180703965091312816e-03,-3.359241186914025713e-03,-1.799777525530850397e+01
-1.170145306746138512e-03,-3.362764662684548152e-03,-1.799777535561588238e+01
-1.159575629078567162e-03,-3.366254951694713001e-03,-1.799777545602789530e+01
-1.148995036392225699e-03,-3.369712019476770425e-03,-1.799777555654354799e+01
-1.138403633098594237e-03,-3.373135831890763936e-03,-1.799777565716185990e+01
-1.127801523715976292e-03,-3.376526355124858693e-03,-1.799777575788182560e+01
-1.117188812868466410e-03,-3.379883555695683238e-03,-1.799777585870245744e+01
-1.106565605284920168e-03,-3.383207400448653025e-03,-1.799777595962275711e+01
-1.095932005797917901e-03,-3.386497856558302617e-03,-1.799777606064172986e+01
-1.085288119342734921e-03,-3.389754891528614852e-03,-1.799777616175837736e+01
-1.074634050956303506e-03,-3.392978473193332661e-03,-1.799777626297170130e+01
-1.063969905776175964e-03,-3.396168569716285189e-03,-1.799777636428071048e+01
-1.053295789039490529e-03,-3.399325149591698753e-03,-1.799777646568439593e+01
-1.042611806081931818e-03,-3.402448181644510388e-03,-1.799777656718176644e+01
-1.031918062336690438e-03,-3.405537635030677496e-03,-1.799777666877180593e+01
-1.021214663333424753e-03,-3.408593479237480121e-03,-1.799777677045351965e+01
-1.010501714697218745e-03,-3.411615684083821494e-03,-1.799777687222590927e+01
-9.997793221475420513e-04,-3.414604219720536373e-03,-1.799777697408795873e+01
-9.890475914972039241e-04,-3.417559056630674243e-03,-1.799777707603867327e+01
-9.783066286513113132e-04,-3.420480165629797686e-03,-1.799777717807704036e+01
-9.675565396062242368e-04,-3.423367517866272077e-03,-1.799777728020205814e+01
-9.567974304485096348e-04,-3.426221084821548350e-03,-1.799777738241271052e+01
-9.460294073538948970e-04,-3.429040838310447488e-03,-1.799777748470799921e+01
-9.352525765862207408e-04,-3.431826750481439380e-03,-1.799777758708690456e+01
-9.244670444963926786e-04,-3.434578793816915609e-03,-1.799777768954842117e+01
-9.136729175213309691e-04,-3.437296941133466139e-03,-1.799777779209153650e+01
-9.028703021829224094e-04,-3.439981165582143858e-03,-1.799777789471524159e+01
-8.920593050869683347e-04,-3.442631440648735632e-03,-1.799777799741852391e+01
-8.812400329221329416e-04,-3.445247740154022079e-03,-1.799777810020036384e+01
-8.704125924588910698e-04,-3.447830038254035175e-03,-1.799777820305974885e+01
-8.595770905484746835e-04,-3.450378309440318026e-03,-1.799777830599566641e+01
-8.487336341218188092e-04,-3.452892528540174241e-03,-1.799777840900709691e+01
-8.378823301885064993e-04,-3.455372670716919028e-03,-1.799777851209302781e+01
-8.270232858357133609e-04,-3.457818711470123790e-03,-1.799777861525243594e+01
-8.161566082271512175e-04,-3.460230626635862027e-03,-1.799777871848431587e+01
-8.052824046020096030e-04,-3.462608392386941781e-03,-1.799777882178763377e+01
-7.944007822738998565e-04,-3.464951985233151975e-03,-1.799777892516138067e+01
-7.835118486297946647e-04,-3.467261382021484886e-03,-1.799777902860452627e+01
-7.726157111289696632e-04,-3.469536559936375105e-03,-1.799777913211605451e+01
-7.617124773019422201e-04,-3.471777496499914642e-03,-1.799777923569494931e+01
-7.508022547494117363e-04,-3.473984169572086247e-03,-1.799777933934018037e+01
-7.398851511411969105e-04,-3.476156557350976780e-03,-1.799777944305073163e+01
-7.289612742151744141e-04,-3.478294638372993186e-03,-1.799777954682557635e+01
-7.180307317762153968e-04,-3.480398391513079767e-03,-1.799777965066368424e+01
-7.070936316951223185e-04,-3.482467795984922881e-03,-1.799777975456403922e+01
-6.961500819075633947e-04,-3.484502831341158239e-03,-1.799777985852561457e+01
-6.852001904130100790e-04,-3.486503477473576040e-03,-1.799777996254737644e+01
-6.742440652736690155e-04,-3.488469714613318291e-03,-1.799778006662830876e+01
-6.632818146134171347e-04,-3.490401523331072668e-03,-1.799778017076737768e+01
-6.523135466167344744e-04,-3.492298884537269402e-03,-1.799778027496355648e+01
-6.413393695276375407e-04,-3.494161779482269498e-03,-1.799778037921582197e+01
-6.303593916486100682e-04,-3.495990189756546882e-03,-1.799778048352313675e+01
-6.193737213395354062e-04,-3.497784097290878354e-03,-1.799778058788447055e+01
-6.083824670166271698e-04,-3.499543484356516625e-03,-1.799778069229880373e+01
-5.973857371513589158e-04,-3.501268333565364654e-03,-1.799778079676510245e+01
-5.863836402693947941e-04,-3.502958627870159103e-03,-1.799778090128232932e+01
-5.753762849495181386e-04,-3.504614350564626887e-03,-1.799778100584945761e+01
-5.643637798225603847e-04,-3.506235485283656483e-03,-1.799778111046545348e+01
-5.533462335703291180e-04,-3.507822016003463161e-03,-1.799778121512928664e+01
-5.423237549245356901e-04,-3.509373927041741208e-03,-1.799778131983992679e+01
-5.312964526657222922e-04,-3.510891203057826555e-03,-1.799778142459633301e+01
-5.202644356221890285e-04,-3.512373829052845963e-03,-1.799778152939747145e+01
-5.092278126689195805e-04,-3.513821790369864046e-03,-1.799778163424231536e+01
-4.981866927265070875e-04,-3.515235072694034620e-03,-1.799778173912982382e+01
-4.871411847600796486e-04,-3.516613662052732545e-03,-1.799778184405896653e+01
-4.760913977782244141e-04,-3.517957544815706813e-03,-1.799778194902870254e+01
-4.650374408319129247e-04,-3.519266707695205450e-03,-1.799778205403800158e+01
-4.539794230134246611e-04,-3.520541137746111254e-03,-1.799778215908581913e+01
-4.429174534552696727e-04,-3.521780822366066700e-03,-1.799778226417112492e+01
-4.318516413291136990e-04,-3.522985749295608811e-03,-1.799778236929288155e+01
-4.207820958446988470e-04,-3.524155906618277583e-03,-1.799778247445005164e+01
-4.097089262487670319e-04,-3.525291282760748685e-03,-1.799778257964159422e+01
-3.986322418239822266e-04,-3.526391866492937979e-03,-1.799778268486646837e+01
-3.875521518878509214e-04,-3.527457646928116447e-03,-1.799778279012364379e+01
-3.764687657916445350e-04,-3.528488613523022080e-03,-1.799778289541207954e+01
-3.653821929193198210e-04,-3.529484756077959622e-03,-1.799778300073073112e+01
-3.542925426864396523e-04,-3.530446064736907693e-03,-1.799778310607856469e+01
-3.431999245390929937e-04,-3.531372529987609858e-03,-1.799778321145453575e+01
-3.321044479528153614e-04,-3.532264142661675679e-03,-1.799778331685760691e+01
-3.210062224315078736e-04,-3.533120893934670916e-03,-1.799778342228674077e+01
-3.099053575063577645e-04,-3.533942775326206001e-03,-1.799778352774089285e+01
-2.988019627347560797e-04,-3.534729778700016270e-03,-1.799778363321902575e+01
-2.876961476992173227e-04,-3.535481896264045659e-03,-1.799778373872008785e+01
-2.765880220062983969e-04,-3.536199120570531276e-03,-1.799778384424305600e+01
-2.654776952855160302e-04,-3.536881444516067150e-03,-1.799778394978687146e+01
-2.543652771882656078e-04,-3.537528861341679258e-03,-1.799778405535050751e+01
-2.432508773867390309e-04,-3.538141364632900118e-03,-1.799778416093290545e+01
-2.321346055728418960e-04,-3.538718948319819098e-03,-1.799778426653303498e+01
-2.210165714571116517e-04,-3.539261606677158306e-03,-1.799778437214985516e+01
-2.098968847676344800e-04,-3.539769334324319432e-03,-1.799778447778231794e+01
-1.987756552489625583e-04,-3.540242126225440558e-03,-1.799778458342938237e+01
-1.876529926610309414e-04,-3.540679977689450367e-03,-1.799778468909000750e+01
-1.765290067780744159e-04,-3.541082884370112382e-03,-1.799778479476314885e+01
-1.654038073875442204e-04,-3.541450842266067461e-03,-1.799778490044776191e+01
