ref_accel_x (m/s^2),ref_accel_y (m/s^2),ref_accel_z (m/s^2)
1.880318513495271016e-01,-1.199522186948852877e-15,9.794836305959606193e+00
3.576778535293893557e-01,-1.199522187002655558e-15,9.794836073265217991e+00
5.103592543835863138e-01,-1.199522187056458435e-15,9.794835630750581501e+00
6.477725140446867202e-01,-1.199522187110261115e-15,9.794834999398167596e+00
7.714444466320055094e-01,-1.199522187164063796e-15,9.794834198092932098e+00
8.827491848529311902e-01,-1.199522187217866476e-15,9.794833243832481884e+00
9.829234481441216920e-01,-1.199522187271668762e-15,9.794832151916214258e+00
1.073080283998577356e+00,-1.199522187325470653e-15,9.794830936115506148e+00
1.154221435160010190e+00,-1.199522187379272150e-15,9.794829608826795209e+00
1.227248470097770383e+00,-1.199522187433072661e-15,9.794828181209325635e+00
1.292972800434288194e+00,-1.199522187486872186e-15,9.794826663309041948e+00
1.352124696629762202e+00,-1.199522187540670528e-15,9.794825064170046502e+00
1.405361402098384893e+00,-1.199522187594466897e-15,9.794823391934860624e+00
1.453274435912943696e+00,-1.199522187648261492e-15,9.794821653934649319e+00
1.496396165238960574e+00,-1.199522187702053917e-15,9.794819856770365263e+00
1.535205720525419704e+00,-1.199522187755843384e-15,9.794818006385760611e+00
1.570134319176419879e+00,-1.199522187809629892e-15,9.794816108133117538e+00
1.601570056855664115e+00,-1.199522187863412654e-15,9.794814166832331637e+00
1.629862219660498157e+00,-1.199522187917191471e-15,9.794812186824149336e+00
1.655325165078547212e+00,-1.199522187970965950e-15,9.794810172018010519e+00
1.678241814848685953e+00,-1.199522188024735301e-15,9.794808125935157150e+00
1.698866798535914713e+00,-1.199522188078499327e-15,9.794806051747402265e+00
1.717429282748746511e+00,-1.199522188132257042e-15,9.794803952312028272e+00
1.734135517434856055e+00,-1.199522188186008644e-15,9.794801830203203608e+00
1.749171127547160864e+00,-1.199522188239753146e-15,9.794799687740246341e+00
1.762703175543302248e+00,-1.199522188293490942e-15,9.794797527013088256e+00
1.774882017635165177e+00,-1.199522188347220061e-15,9.794795349905156101e+00
1.785842974413460960e+00,-1.199522188400940700e-15,9.794793158114014631e+00
1.795707834409839609e+00,-1.199522188454652267e-15,9.794790953169917103e+00
1.804586207302798728e+00,-1.199522188508354565e-15,9.794788736452510136e+00
1.812576741802997216e+00,-1.199522188562046410e-15,9.794786509205867020e+00
1.819768221750039050e+00,-1.199522188615728000e-15,9.794784272552041315e+00
1.826240552599579070e+00,-1.199522188669398349e-15,9.794782027503234900e+00
1.832065649261718665e+00,-1.199522188723056865e-15,9.794779774972777631e+00
1.837308235155558744e+00,-1.199522188776702956e-15,9.794777515784995003e+00
1.842026561358302228e+00,-1.199522188830336821e-15,9.794775250684116585e+00
1.846273053839442291e+00,-1.199522188883957077e-15,9.794772980342239421e+00
1.850094895971534203e+00,-1.199522188937563528e-15,9.794770705366564911e+00
1.853534552789888767e+00,-1.199522188991155582e-15,9.794768426305868303e+00
1.856630242826294186e+00,-1.199522189044732649e-15,9.794766143656337576e+00
1.859416362759374941e+00,-1.199522189098294135e-15,9.794763857866822576e+00
1.861923869599899417e+00,-1.199522189151839843e-15,9.794761569343574337e+00
1.864180624657573393e+00,-1.199522189205369183e-15,9.794759278454488793e+00
1.866211703111141595e+00,-1.199522189258881169e-15,9.794756985532941940e+00
1.868039672621484737e+00,-1.199522189312375404e-15,9.794754690881250170e+00
1.869684844083406627e+00,-1.199522189365851891e-15,9.794752394773761139e+00
1.871165497302241132e+00,-1.199522189419309247e-15,9.794750097459651528e+00
1.872498084102800719e+00,-1.199522189472747868e-15,9.794747799165445912e+00
1.873697411127424939e+00,-1.199522189526166176e-15,9.794745500097276292e+00
1.874776804354232551e+00,-1.199522189579564565e-15,9.794743200442928455e+00
1.875748257163539767e+00,-1.199522189632942049e-15,9.794740900373662740e+00
1.876622563597643012e+00,-1.199522189686298037e-15,9.794738600045876709e+00
1.877409438294618482e+00,-1.199522189739632331e-15,9.794736299602583074e+00
1.878117624428746524e+00,-1.199522189792943946e-15,9.794733999174752626e+00
1.878754990856889684e+00,-1.199522189846232880e-15,9.794731698882515047e+00
1.879328619550234558e+00,-1.199522189899498149e-15,9.794729398836240719e+00
1.879844884282861450e+00,-1.199522189952739555e-15,9.794727099137524817e+00
1.880309521451451804e+00,-1.199522190005955914e-15,9.794724799880045296e+00
1.880727693813028845e+00,-1.199522190059148016e-15,9.794722501150383565e+00
1.881104047848927152e+00,-1.199522190112313889e-15,9.794720203028694172e+00
1.881442765392355554e+00,-1.199522190165453531e-15,9.794717905589385154e+00
1.881747610093215117e+00,-1.199522190218567142e-15,9.794715608901675807e+00
1.882021969236425729e+00,-1.199522190271653339e-15,9.794713313030102952e+00
1.882268891378426012e+00,-1.199522190324711532e-15,9.794711018035002326e+00
1.882491120220022518e+00,-1.199522190377741523e-15,9.794708723972929576e+00
1.882691125091950912e+00,-1.199522190430742721e-15,9.794706430897035077e+00
1.882871128391884863e+00,-1.199522190483715125e-15,9.794704138857396103e+00
1.883033130277740996e+00,-1.199522190536656961e-15,9.794701847901324143e+00
1.883178930891653557e+00,-1.199522190589569017e-15,9.794699558073657997e+00
1.883310150361556357e+00,-1.199522190642449914e-15,9.794697269416984042e+00
1.883428246802599348e+00,-1.199522190695299847e-15,9.794694981971879599e+00
1.883534532518427840e+00,-1.199522190748117437e-15,9.794692695777102998e+00
1.883630188582332998e+00,-1.199522190800902684e-15,9.794690410869776542e+00
1.883716277960289176e+00,-1.199522190853654799e-15,9.794688127285553492e+00
1.883793757321682083e+00,-1.199522190906373585e-15,9.794685845058754836e+00
1.883863487668970826e+00,-1.199522190959058252e-15,9.794683564222511407e+00
1.883926243904378683e+00,-1.199522191011708604e-15,9.794681284808872235e+00
1.883982723439915796e+00,-1.199522191064323851e-15,9.794679006848918235e+00
1.884033553946405259e+00,-1.199522191116903797e-15,9.794676730372849249e+00
1.884079300327595963e+00,-1.199522191169447061e-15,9.794674455410078195e+00
1.884120470996871521e+00,-1.199522191221954037e-15,9.794672181989309223e+00
1.884157523526291733e+00,-1.199522191274423937e-15,9.794669910138601665e+00
1.884190869730717033e+00,-1.199522191326856366e-15,9.794667639885433985e+00
1.884220880243533625e+00,-1.199522191379250338e-15,9.794665371256760622e+00
1.884247888634801305e+00,-1.199522191431605656e-15,9.794663104279065280e+00
1.884272195117581816e+00,-1.199522191483921727e-15,9.794660838978401785e+00
1.884294069883643008e+00,-1.199522191536198356e-15,9.794658575380443821e+00
1.884313756105585602e+00,-1.199522191588434556e-15,9.794656313510504475e+00
1.884331472638762106e+00,-1.199522191640630130e-15,9.794654053393593074e+00
1.884347416452998969e+00,-1.199522191692784091e-15,9.794651795054420518e+00
1.884361764821150587e+00,-1.199522191744896439e-15,9.794649538517447240e+00
1.884374677288796818e+00,-1.199522191796967175e-15,9.794647283806897420e+00
1.884386297446969838e+00,-1.199522191848994721e-15,9.794645030946771413e+00
1.884396754527609907e+00,-1.199522191900978289e-15,9.794642779960879508e+00
1.884406164839472542e+00,-1.199522191952918665e-15,9.794640530872866790e+00
1.884414633060448319e+00,-1.199522192004814669e-15,9.794638283706202486e+00
1.884422253400650504e+00,-1.199522192056665313e-15,9.794636038484206608e+00
1.884429110649190164e+00,-1.199522192108471189e-15,9.794633795230081930e+00
1.884435281116277450e+00,-1.199522192160230917e-15,9.794631553966889115e+00
1.884440833481113353e+00,-1.199522192211944102e-15,9.794629314717584023e+00
1.884445829554987961e+00,-1.199522192263610941e-15,9.794627077505024815e+00
1.884450324968073076e+00,-1.199522192315230055e-15,9.794624842351957739e+00
1.884454369787534223e+00,-1.199522192366801048e-15,9.794622609281052661e+00
1.884458009073829654e+00,-1.199522192418323920e-15,9.794620378314897735e+00
1.884461283381383856e+00,-1.199522192469797686e-15,9.794618149475999402e+00
1.884464229209186881e+00,-1.199522192521222147e-15,9.794615922786798379e+00
1.884466879406343276e+00,-1.199522192572596122e-15,9.794613698269664326e+00
1.884469263537054129e+00,-1.199522192623920596e-15,9.794611475946918944e+00
1.884471408209113186e+00,-1.199522192675193202e-15,9.794609255840802220e+00
1.884473337369543700e+00,-1.199522192726414927e-15,9.794607037973522168e+00
1.884475072570677590e+00,-1.199522192777584389e-15,9.794604822367228181e+00
1.884476633209624108e+00,-1.199522192828701196e-15,9.794602609044014585e+00
1.884478036743791218e+00,-1.199522192879765543e-15,9.794600398025941956e+00
1.884479298884856213e+00,-1.199522192930775852e-15,9.794598189335012250e+00
1.884480433773340291e+00,-1.199522192981732520e-15,9.794595982993199001e+00
1.884481454135721545e+00,-1.199522193032634559e-15,9.794593779022429558e+00
1.884482371425840075e+00,-1.199522193083481574e-15,9.794591577444588637e+00
1.884483195952163737e+00,-1.199522193134272975e-15,9.794589378281528980e+00
1.884483936992322750e+00,-1.199522193185008762e-15,9.794587181555067801e+00
1.884484602896194350e+00,-1.199522193235687553e-15,9.794584987286977906e+00
1.884485201178679681e+00,-1.199522193286309743e-15,9.794582795499012562e+00
1.884485738603197458e+00,-1.199522193336874347e-15,9.794580606212878848e+00
1.884486221256837180e+00,-1.199522193387380969e-15,9.794578419450253648e+00
1.884486654617988810e+00,-1.199522193437828821e-15,9.794576235232785422e+00
1.884487043617211199e+00,-1.199522193488217903e-15,9.794574053582090656e+00
1.884487392692022034e+00,-1.199522193538547426e-15,9.794571874519748533e+00
1.884487705836192628e+00,-1.199522193588816996e-15,9.794569698067315144e+00
1.884487986644130197e+00,-1.199522193639026217e-15,9.794567524246309276e+00
1.884488238350810363e+00,-1.199522193689174105e-15,9.794565353078223069e+00
1.884488463867721286e+00,-1.199522193739260856e-15,9.794563184584520243e+00
1.884488665815212460e+00,-1.199522193789285287e-15,9.794561018786627216e+00
1.884488846551608532e+00,-1.199522193839247595e-15,9.794558855705952638e+00
1.884489008199411231e+00,-1.199522193889146795e-15,9.794556695363862531e+00
1.884489152668882950e+00,-1.199522193938982293e-15,9.794554537781701598e+00
1.884489281679268657e+00,-1.199522193988753894e-15,9.794552382980784344e+00
1.884489396777900616e+00,-1.199522194038461401e-15,9.794550230982393302e+00
1.884489499357386189e+00,-1.199522194088104023e-15,9.794548081807782580e+00
1.884489590671083015e+00,-1.199522194137680973e-15,9.794545935478174314e+00
1.884489671847022318e+00,-1.199522194187192052e-15,9.794543792014765771e+00
1.884489743900441550e+00,-1.199522194236636671e-15,9.794541651438720464e+00
1.884489807745065804e+00,-1.199522194286014433e-15,9.794539513771173489e+00
1.884489864203257037e+00,-1.199522194335324748e-15,9.794537379033233293e+00
1.884489914015150092e+00,-1.199522194384567417e-15,9.794535247245974574e+00
1.884489957846876784e+00,-1.199522194433741851e-15,9.794533118430443608e+00
1.884489996297966652e+00,-1.199522194482847259e-15,9.794530992607651143e+00
1.884490029908003628e+00,-1.199522194531883247e-15,9.794528869798588389e+00
1.884490059162625908e+00,-1.199522194580849619e-15,9.794526750024207473e+00
1.884490084498914975e+00,-1.199522194629745387e-15,9.794524633305432104e+00
1.884490106310256818e+00,-1.199522194678570552e-15,9.794522519663157567e+00
1.884490124950706003e+00,-1.199522194727324523e-15,9.794520409118248949e+00
1.884490140738922737e+00,-1.199522194776006904e-15,9.794518301691535811e+00
1.884490153961711378e+00,-1.199522194824617105e-15,9.794516197403817515e+00
1.884490164877203888e+00,-1.199522194873154336e-15,9.794514096275865001e+00
1.884490173717729977e+00,-1.199522194921618400e-15,9.794511998328413682e+00
1.884490180692397265e+00,-1.199522194970009100e-15,9.794509903582174104e+00
1.884490185989409428e+00,-1.199522195018325647e-15,9.794507812057817731e+00
1.884490189778161628e+00,-1.199522195066567252e-15,9.794505723775987605e+00
1.884490192211118131e+00,-1.199522195114734310e-15,9.794503638757296571e+00
1.884490193425507831e+00,-1.199522195162825243e-15,9.794501557022314842e+00
1.884490193544844372e+00,-1.199522195210840643e-15,9.794499478591596642e+00
1.884490192680300602e+00,-1.199522195258779326e-15,9.794497403485648235e+00
1.884490190931942255e+00,-1.199522195306641094e-15,9.794495331724951015e+00
1.884490188389837062e+00,-1.199522195354425555e-15,9.794493263329952626e+00
1.884490185135056173e+00,-1.199522195402131524e-15,9.794491198321061631e+00
1.884490181240572326e+00,-1.199522195449759592e-15,9.794489136718663502e+00
1.884490176772072978e+00,-1.199522195497308775e-15,9.794487078543099301e+00
1.884490171788681945e+00,-1.199522195544778480e-15,9.794485023814681668e+00
1.884490166343625095e+00,-1.199522195592168116e-15,9.794482972553689493e+00
1.884490160484811216e+00,-1.199522195639478076e-15,9.794480924780367914e+00
1.884490154255370031e+00,-1.199522195686706982e-15,9.794478880514921215e+00
1.884490147694126483e+00,-1.199522195733854831e-15,9.794476839777528809e+00
1.884490140836033722e+00,-1.199522195780921034e-15,9.794474802588327478e+00
1.884490133712557913e+00,-1.199522195827904998e-15,9.794472768967420251e+00
1.884490126352027506e+00,-1.199522195874806526e-15,9.794470738934879961e+00
1.884490118779949874e+00,-1.199522195921624829e-15,9.794468712510735031e+00
1.884490111019287317e+00,-1.199522195968359710e-15,9.794466689714987240e+00
1.884490103090718849e+00,-1.199522196015010577e-15,9.794464670567597508e+00
1.884490095012862909e+00,-1.199522196061577036e-15,9.794462655088491232e+00
1.884490086802485642e+00,-1.199522196108058693e-15,9.794460643297561830e+00
1.884490078474686969e+00,-1.199522196154454758e-15,9.794458635214656539e+00
1.884490070043063570e+00,-1.199522196200765035e-15,9.794456630859595947e+00
1.884490061519865423e+00,-1.199522196246989129e-15,9.794454630252161564e+00
1.884490052916122371e+00,-1.199522196293126448e-15,9.794452633412092268e+00
1.884490044241773798e+00,-1.199522196339176794e-15,9.794450640359096738e+00
1.884490035505773875e+00,-1.199522196385139183e-15,9.794448651112842796e+00
1.884490026716188371e+00,-1.199522196431013812e-15,9.794446665692960963e+00
1.884490017880288359e+00,-1.199522196476799890e-15,9.794444684119046229e+00
1.884490009004626598e+00,-1.199522196522496828e-15,9.794442706410649180e+00
1.884490000095107032e+00,-1.199522196568104229e-15,9.794440732587288423e+00
1.884489991157054511e+00,-1.199522196613621898e-15,9.794438762668445264e+00
1.884489982195270530e+00,-1.199522196659049242e-15,9.794436796673556600e+00
1.884489973214084735e+00,-1.199522196704385670e-15,9.794434834622023800e+00
1.884489964217403557e+00,-1.199522196749630590e-15,9.794432876533209154e+00
1.884489955208751510e+00,-1.199522196794784002e-15,9.794430922426435870e+00
1.884489946191308052e+00,-1.199522196839845709e-15,9.794428972320991633e+00
1.884489937167947327e+00,-1.199522196884814528e-15,9.794427026236116163e+00
1.884489928141261261e+00,-1.199522196929690458e-15,9.794425084191015429e+00
1.884489919113593537e+00,-1.199522196974472514e-15,9.794423146204852770e+00
1.884489910087062459e+00,-1.199522197019161090e-15,9.794421212296757773e+00
1.884489901063582273e+00,-1.199522197063755199e-15,9.794419282485808509e+00
1.884489892044885373e+00,-1.199522197108254449e-15,9.794417356791052853e+00
1.884489883032540725e+00,-1.199522197152658640e-15,9.794415435231494271e+00
1.884489874027967193e+00,-1.199522197196966985e-15,9.794413517826093596e+00
1.884489865032450862e+00,-1.199522197241179286e-15,9.794411604593770804e+00
1.884489856047160572e+00,-1.199522197285294952e-15,9.794409695553410344e+00
1.884489847073154145e+00,-1.199522197329313785e-15,9.794407790723850482e+00
1.884489838111393922e+00,-1.199522197373234996e-15,9.794405890123885072e+00
1.884489829162754315e+00,-1.199522197417058980e-15,9.794403993772275996e+00
1.884489820228030688e+00,-1.199522197460783963e-15,9.794402101687728290e+00
1.884489811307947349e+00,-1.199522197504410732e-15,9.794400213888922124e+00
1.884489802403166436e+00,-1.199522197547937907e-15,9.794398330394479046e+00
1.884489793514290579e+00,-1.199522197591365686e-15,9.794396451222990407e+00
1.884489784641871779e+00,-1.199522197634693674e-15,9.794394576393001373e+00
1.884489775786416521e+00,-1.199522197677921280e-15,9.794392705923012699e+00
1.884489766948386436e+00,-1.199522197721047714e-15,9.794390839831478957e+00
1.884489758128207626e+00,-1.199522197764073173e-15,9.794388978136819190e+00
1.884489749326272001e+00,-1.199522197806996476e-15,9.794387120857402707e+00
1.884489740542941050e+00,-1.199522197849818212e-15,9.794385268011559731e+00
1.884489731778546062e+00,-1.199522197892537397e-15,9.794383419617572528e+00
1.884489723033397457e+00,-1.199522197935153241e-15,9.794381575693680730e+00
1.884489714307780783e+00,-1.199522197977665744e-15,9.794379736258081337e+00
1.884489705601962051e+00,-1.199522198020074709e-15,9.794377901328928715e+00
1.884489696916188617e+00,-1.199522198062379150e-15,9.794376070924327493e+00
1.884489688250691852e+00,-1.199522198104579067e-15,9.794374245062341444e+00
1.884489679605688028e+00,-1.199522198146673868e-15,9.794372423760986379e+00
1.884489670981382314e+00,-1.199522198188663356e-15,9.794370607038239029e+00
1.884489662377963448e+00,-1.199522198230546940e-15,9.794368794912024612e+00
1.884489653795613950e+00,-1.199522198272324225e-15,9.794366987400227487e+00
1.884489645234503463e+00,-1.199522198313994421e-15,9.794365184520678724e+00
1.884489636694793191e+00,-1.199522198355557925e-15,9.794363386291177420e+00
1.884489628176639009e+00,-1.199522198397013749e-15,9.794361592729464050e+00
1.884489619680186578e+00,-1.199522198438361498e-15,9.794359803853238233e+00
1.884489611205576232e+00,-1.199522198479601174e-15,9.794358019680155181e+00
1.884489602752942305e+00,-1.199522198520731988e-15,9.794356240227816812e+00
1.884489594322414030e+00,-1.199522198561753346e-15,9.794354465513784191e+00
1.884489585914115750e+00,-1.199522198602665448e-15,9.794352695555573973e+00
1.884489577528166926e+00,-1.199522198643467898e-15,9.794350930370653074e+00
1.884489569164684797e+00,-1.199522198684159118e-15,9.794349169976431568e+00
1.884489560823781495e+00,-1.199522198724740292e-15,9.794347414390292883e+00
1.884489552505566046e+00,-1.199522198765209843e-15,9.794345663629551169e+00
1.884489544210144807e+00,-1.199522198805568164e-15,9.794343917711488601e+00
1.884489535937621030e+00,-1.199522198845814270e-15,9.794342176653334064e+00
1.884489527688097521e+00,-1.199522198885947963e-15,9.794340440472264930e+00
1.884489519461672202e+00,-1.199522198925969046e-15,9.794338709185417713e+00
1.884489511258442329e+00,-1.199522198965876927e-15,9.794336982809875636e+00
1.884489503078504047e+00,-1.199522199005671016e-15,9.794335261362673961e+00
1.884489494921949948e+00,-1.199522199045351508e-15,9.794333544860801766e+00
1.884489486788872181e+00,-1.199522199084917221e-15,9.794331833321193059e+00
1.884489478679362895e+00,-1.199522199124368550e-15,9.794330126760742772e+00
1.884489470593509575e+00,-1.199522199163704507e-15,9.794328425196288990e+00
1.884489462531401927e+00,-1.199522199202925488e-15,9.794326728644625391e+00
1.884489454493126104e+00,-1.199522199242029915e-15,9.794325037122487032e+00
1.884489446478769370e+00,-1.199522199281018773e-15,9.794323350646575221e+00
1.884489438488416324e+00,-1.199522199319890289e-15,9.794321669233521988e+00
1.884489430522151343e+00,-1.199522199358645250e-15,9.794319992899927385e+00
1.884489422580058804e+00,-1.199522199397282277e-15,9.794318321662327520e+00
1.884489414662220641e+00,-1.199522199435801960e-15,9.794316655537221195e+00
1.884489406768719455e+00,-1.199522199474202920e-15,9.794314994541041486e+00
1.884489398899636736e+00,-1.199522199512485354e-15,9.794313338690182391e+00
1.884489391055053975e+00,-1.199522199550649458e-15,9.794311688000991722e+00
1.884489383235050441e+00,-1.199522199588693656e-15,9.794310042489746237e+00
1.884489375439707404e+00,-1.199522199626618538e-15,9.794308402172690720e+00
1.884489367669102133e+00,-1.199522199664423120e-15,9.794306767066011332e+00
1.884489359923315899e+00,-1.199522199702107202e-15,9.794305137185837395e+00
1.884489352202424861e+00,-1.199522199739670392e-15,9.794303512548259150e+00
1.884489344506508957e+00,-1.199522199777112689e-15,9.794301893169309992e+00
1.884489336835644568e+00,-1.199522199814433107e-15,9.794300279064962922e+00
1.884489329189908524e+00,-1.199522199851631645e-15,9.794298670251148309e+00
1.884489321569379205e+00,-1.199522199888707911e-15,9.794297066743743230e+00
1.884489313974130997e+00,-1.199522199925661508e-15,9.794295468558571471e+00
1.884489306404240727e+00,-1.199522199962492043e-15,9.794293875711403530e+00
1.884489298859783890e+00,-1.199522199999199516e-15,9.794292288217956610e+00
1.884489291340835759e+00,-1.199522200035782941e-15,9.794290706093894627e+00
1.884489283847472274e+00,-1.199522200072242514e-15,9.794289129354833534e+00
1.884489276379766931e+00,-1.199522200108577250e-15,9.794287558016327111e+00
1.884489268937794559e+00,-1.199522200144787149e-15,9.794285992093886506e+00
1.884489261521628656e+00,-1.199522200180872211e-15,9.794284431602962471e+00
1.884489254131342939e+00,-1.199522200216831252e-15,9.794282876558950690e+00
1.884489246767011572e+00,-1.199522200252664667e-15,9.794281326977198887e+00
1.884489239428707386e+00,-1.199522200288371864e-15,9.794279782872999718e+00
1.884489232116502766e+00,-1.199522200323952054e-15,9.794278244261587218e+00
1.884489224830469656e+00,-1.199522200359405830e-15,9.794276711158147464e+00
1.884489217570681552e+00,-1.199522200394732007e-15,9.794275183577802579e+00
1.884489210337210396e+00,-1.199522200429930389e-15,9.794273661535633835e+00
1.884489203130126134e+00,-1.199522200465000976e-15,9.794272145046656775e+00
1.884489195949501372e+00,-1.199522200499943175e-15,9.794270634125837205e+00
1.884489188795407388e+00,-1.199522200534756988e-15,9.794269128788085865e+00
1.884489181667914348e+00,-1.199522200569441229e-15,9.794267629048253099e+00
1.884489174567093084e+00,-1.199522200603996098e-15,9.794266134921137734e+00
1.884489167493013539e+00,-1.199522200638421594e-15,9.794264646421490639e+00
1.884489160445746103e+00,-1.199522200672716927e-15,9.794263163563995178e+00
1.884489153425360275e+00,-1.199522200706881704e-15,9.794261686363281427e+00
1.884489146431925333e+00,-1.199522200740915924e-15,9.794260214833933276e+00
1.884489139465509666e+00,-1.199522200774818799e-15,9.794258748990463559e+00
1.884489132526183219e+00,-1.199522200808590526e-15,9.794257288847344256e+00
1.884489125614015048e+00,-1.199522200842230514e-15,9.794255834418978068e+00
1.884489118729070878e+00,-1.199522200875737972e-15,9.794254385719717959e+00
1.884489111871421763e+00,-1.199522200909113691e-15,9.794252942763863601e+00
1.884489105041133872e+00,-1.199522200942356290e-15,9.794251505565648941e+00
1.884489098238275151e+00,-1.199522200975465571e-15,9.794250074139256412e+00
1.884489091462911770e+00,-1.199522201008441731e-15,9.794248648498815157e+00
1.884489084715111673e+00,-1.199522201041284378e-15,9.794247228658390370e+00
1.884489077994941919e+00,-1.199522201073992720e-15,9.794245814631992175e+00
1.884489071302467345e+00,-1.199522201106566956e-15,9.794244406433575634e+00
1.884489064637755229e+00,-1.199522201139006100e-15,9.794243004077033632e+00
1.884489058000870854e+00,-1.199522201171310348e-15,9.794241607576203990e+00
1.884489051391880166e+00,-1.199522201203479504e-15,9.794240216944873012e+00
1.884489044810847780e+00,-1.199522201235512779e-15,9.794238832196757727e+00
1.884489038257839422e+00,-1.199522201267410173e-15,9.794237453345523647e+00
1.884489031732918818e+00,-1.199522201299171291e-15,9.794236080404777667e+00
1.884489025236151694e+00,-1.199522201330795935e-15,9.794234713388066282e+00
1.884489018767600887e+00,-1.199522201362283516e-15,9.794233352308879148e+00
1.884489012327331237e+00,-1.199522201393634031e-15,9.794231997180649074e+00
1.884489005915406246e+00,-1.199522201424846891e-15,9.794230648016748475e+00
1.884488999531887865e+00,-1.199522201455922094e-15,9.794229304830485816e+00
1.884488993176840932e+00,-1.199522201486858852e-15,9.794227967635118048e+00
1.884488986850326731e+00,-1.199522201517657757e-15,9.794226636443843503e+00
1.884488980552408766e+00,-1.199522201548317230e-15,9.794225311269791234e+00
1.884488974283148988e+00,-1.199522201578837864e-15,9.794223992126042333e+00
1.884488968042608681e+00,-1.199522201609219461e-15,9.794222679025613942e+00
1.884488961830850240e+00,-1.199522201639461036e-15,9.794221371981461033e+00
1.884488955647934283e+00,-1.199522201669562982e-15,9.794220071006481732e+00
1.884488949493922094e+00,-1.199522201699524314e-15,9.794218776113513769e+00
1.884488943368874958e+00,-1.199522201729345425e-15,9.794217487315336257e+00
1.884488937272852382e+00,-1.199522201759025528e-15,9.794216204624666133e+00
1.884488931205914986e+00,-1.199522201788564819e-15,9.794214928054159941e+00
1.884488925168123385e+00,-1.199522201817961918e-15,9.794213657616410273e+00
1.884488919159535758e+00,-1.199522201847217810e-15,9.794212393323959986e+00
1.884488913180211611e+00,-1.199522201876331708e-15,9.794211135189282658e+00
1.884488907230211119e+00,-1.199522201905303611e-15,9.794209883224795021e+00
1.884488901309592235e+00,-1.199522201934132730e-15,9.794208637442848087e+00
1.884488895418412913e+00,-1.199522201962818868e-15,9.794207397855732466e+00
1.884488889556732438e+00,-1.199522201991361631e-15,9.794206164475683707e+00
1.884488883724608321e+00,-1.199522202019761215e-15,9.794204937314871628e+00
1.884488877922097849e+00,-1.199522202048017424e-15,9.794203716385409209e+00
1.884488872149258309e+00,-1.199522202076129665e-15,9.794202501699338370e+00
1.884488866406146546e+00,-1.199522202104096559e-15,9.794201293268642416e+00
1.884488860692819401e+00,-1.199522202131920078e-15,9.794200091105256689e+00
1.884488855009333719e+00,-1.199522202159598446e-15,9.794198895221036594e+00
1.884488849355744566e+00,-1.199522202187131664e-15,9.794197705627780692e+00
1.884488843732109231e+00,-1.199522202214519731e-15,9.794196522337234256e+00
1.884488838138481892e+00,-1.199522202241762056e-15,9.794195345361066174e+00
1.884488832574917616e+00,-1.199522202268858442e-15,9.794194174710895595e+00
1.884488827041473247e+00,-1.199522202295808495e-15,9.794193010398270616e+00
1.884488821538200742e+00,-1.199522202322612213e-15,9.794191852434682488e+00
1.884488816065156724e+00,-1.199522202349269598e-15,9.794190700831560292e+00
1.884488810622393373e+00,-1.199522202375779466e-15,9.794189555600258501e+00
1.884488805209965978e+00,-1.199522202402142606e-15,9.794188416752087178e+00
1.884488799827927163e+00,-1.199522202428358032e-15,9.794187284298280005e+00
1.884488794476329332e+00,-1.199522202454425546e-15,9.794186158250010266e+00
1.884488789155227106e+00,-1.199522202480345346e-15,9.794185038618392625e+00
1.884488783864671779e+00,-1.199522202506117234e-15,9.794183925414476022e+00
1.884488778604715309e+00,-1.199522202531740028e-15,9.794182818649238342e+00
1.884488773375410320e+00,-1.199522202557214516e-15,9.794181718333609510e+00
1.884488768176808549e+00,-1.199522202582539515e-15,9.794180624478437736e+00
1.884488763008960621e+00,-1.199522202607715222e-15,9.794179537094521493e+00
1.884488757871917830e+00,-1.199522202632742031e-15,9.794178456192595306e+00
1.884488752765731245e+00,-1.199522202657618760e-15,9.794177381783315539e+00
1.884488747690450827e+00,-1.199522202682345605e-15,9.794176313877290596e+00
1.884488742646126980e+00,-1.199522202706921975e-15,9.794175252485056049e+00
1.884488737632809219e+00,-1.199522202731347672e-15,9.794174197617083522e+00
1.884488732650546616e+00,-1.199522202755622894e-15,9.794173149283784241e+00
1.884488727699389354e+00,-1.199522202779747444e-15,9.794172107495505486e+00
1.884488722779385617e+00,-1.199522202803720730e-15,9.794171072262525257e+00
1.884488717890584031e+00,-1.199522202827542357e-15,9.794170043595052277e+00
1.884488713033033225e+00,-1.199522202851212326e-15,9.794169021503245531e+00
1.884488708206780494e+00,-1.199522202874730439e-15,9.794168005997185844e+00
1.884488703411874244e+00,-1.199522202898096302e-15,9.794166997086893645e+00
1.884488698648361549e+00,-1.199522202921309914e-15,9.794165994782327189e+00
1.884488693916289037e+00,-1.199522202944371079e-15,9.794164999093377233e+00
1.884488689215703117e+00,-1.199522202967279206e-15,9.794164010029865253e+00
1.884488684546651527e+00,-1.199522202990034490e-15,9.794163027601552329e+00
1.884488679909178899e+00,-1.199522203012635750e-15,9.794162051818130266e+00
1.884488675303331640e+00,-1.199522203035084759e-15,9.794161082689237574e+00
1.884488670729155935e+00,-1.199522203057378954e-15,9.794160120224422172e+00
1.884488666186695749e+00,-1.199522203079519716e-15,9.794159164433191123e+00
1.884488661675995935e+00,-1.199522203101506058e-15,9.794158215324973327e+00
1.884488657197102013e+00,-1.199522203123338375e-15,9.794157272909135514e+00
1.884488652750057724e+00,-1.199522203145015879e-15,9.794156337194973361e+00
1.884488648334907035e+00,-1.199522203166538765e-15,9.794155408191725698e+00
1.884488643951693243e+00,-1.199522203187906443e-15,9.794154485908553198e+00
1.884488639600459203e+00,-1.199522203209118913e-15,9.794153570354559690e+00
1.884488635281248659e+00,-1.199522203230175780e-15,9.794152661538776172e+00
1.884488630994103797e+00,-1.199522203251077044e-15,9.794151759470175023e+00
1.884488626739067918e+00,-1.199522203271822705e-15,9.794150864157657566e+00
1.884488622516180989e+00,-1.199522203292412369e-15,9.794149975610057623e+00
1.884488618325486753e+00,-1.199522203312845642e-15,9.794149093836137965e+00
1.884488614167025400e+00,-1.199522203333122522e-15,9.794148218844604514e+00
1.884488610040838896e+00,-1.199522203353242420e-15,9.794147350644088590e+00
1.884488605946966544e+00,-1.199522203373205531e-15,9.794146489243157561e+00
1.884488601885449643e+00,-1.199522203393011856e-15,9.794145634650314847e+00
1.884488597856328607e+00,-1.199522203412660804e-15,9.794144786873989261e+00
1.884488593859642958e+00,-1.199522203432152373e-15,9.794143945922545669e+00
1.884488589895431332e+00,-1.199522203451486171e-15,9.794143111804284985e+00
1.884488585963733698e+00,-1.199522203470661999e-15,9.794142284527435294e+00
1.884488582064589801e+00,-1.199522203489680055e-15,9.794141464100162509e+00
1.884488578198035835e+00,-1.199522203508539550e-15,9.794140650530557934e+00
1.884488574364111102e+00,-1.199522203527241272e-15,9.794139843826654257e+00
1.884488570562854015e+00,-1.199522203545784040e-15,9.794139043996409555e+00
1.884488566794300990e+00,-1.199522203564168049e-15,9.794138251047716182e+00
1.884488563058490662e+00,-1.199522203582393102e-15,9.794137464988395436e+00
1.884488559355458115e+00,-1.199522203600459200e-15,9.794136685826209998e+00
1.884488555685240652e+00,-1.199522203618365554e-15,9.794135913568840834e+00
1.884488552047875576e+00,-1.199522203636113149e-15,9.794135148223917398e+00
1.884488548443397526e+00,-1.199522203653700409e-15,9.794134389798980322e+00
1.884488544871842253e+00,-1.199522203671127924e-15,9.794133638301522282e+00
1.884488541333245504e+00,-1.199522203688395892e-15,9.794132893738957790e+00
1.884488537827641697e+00,-1.199522203705503129e-15,9.794132156118626753e+00
1.884488534355065470e+00,-1.199522203722450426e-15,9.794131425447815786e+00
1.884488530915551241e+00,-1.199522203739236991e-15,9.794130701733729794e+00
1.884488527509132982e+00,-1.199522203755863221e-15,9.794129984983515058e+00
1.884488524135844667e+00,-1.199522203772328326e-15,9.794129275204236151e+00
1.884488520795718269e+00,-1.199522203788632700e-15,9.794128572402906130e+00
1.884488517488788872e+00,-1.199522203804775358e-15,9.794127876586447456e+00
1.884488514215087118e+00,-1.199522203820757285e-15,9.794127187761739961e+00
1.884488510974646314e+00,-1.199522203836577694e-15,9.794126505935572879e+00
1.884488507767497989e+00,-1.199522203852236385e-15,9.794125831114673275e+00
1.884488504593674563e+00,-1.199522203867732769e-15,9.794125163305700710e+00
1.884488501453207121e+00,-1.199522203883068028e-15,9.794124502515250796e+00
1.884488498346125862e+00,-1.199522203898240781e-15,9.794123848749835659e+00
1.884488495272462316e+00,-1.199522203913251424e-15,9.794123202015908802e+00
1.884488492232245793e+00,-1.199522203928099364e-15,9.794122562319852676e+00
1.884488489225508046e+00,-1.199522203942784996e-15,9.794121929667978677e+00
1.884488486252277273e+00,-1.199522203957307728e-15,9.794121304066530698e+00
1.884488483312583229e+00,-1.199522203971668349e-15,9.794120685521685132e+00
1.884488480406454780e+00,-1.199522203985865084e-15,9.794120074039533108e+00
1.884488477533920570e+00,-1.199522203999899117e-15,9.794119469626123120e+00
1.884488474695009907e+00,-1.199522204013770052e-15,9.794118872287409516e+00
1.884488471889749883e+00,-1.199522204027477300e-15,9.794118282029289801e+00
1.884488469118168030e+00,-1.199522204041021450e-15,9.794117698857590426e+00
1.884488466380292326e+00,-1.199522204054401517e-15,9.794117122778059681e+00
1.884488463676149639e+00,-1.199522204067617895e-15,9.794116553796387237e+00
1.884488461005766169e+00,-1.199522204080670388e-15,9.794115991918184605e+00
1.884488458369169006e+00,-1.199522204093558994e-15,9.794115437148999348e+00
1.884488455766383908e+00,-1.199522204106283518e-15,9.794114889494302645e+00
1.884488453197436186e+00,-1.199522204118843367e-15,9.794114348959498173e+00
1.884488450662351378e+00,-1.199522204131239133e-15,9.794113815549923885e+00
1.884488448161155016e+00,-1.199522204143470224e-15,9.794113289270836020e+00
1.884488445693871084e+00,-1.199522204155536443e-15,9.794112770127432199e+00
1.884488443260524226e+00,-1.199522204167438185e-15,9.794112258124835435e+00
1.884488440861138425e+00,-1.199522204179175252e-15,9.794111753268099463e+00
1.884488438495737661e+00,-1.199522204190746658e-15,9.794111255562196305e+00
1.884488436164344805e+00,-1.199522204202153389e-15,9.794110765012048248e+00
1.884488433866982504e+00,-1.199522204213394657e-15,9.794110281622490533e+00
1.884488431603675407e+00,-1.199522204224470856e-15,9.794109805398296231e+00
1.884488429374443275e+00,-1.199522204235381000e-15,9.794109336344154926e+00
1.884488427179309866e+00,-1.199522204246126074e-15,9.794108874464706460e+00
1.884488425018295832e+00,-1.199522204256705685e-15,9.794108419764505413e+00
1.884488422891423376e+00,-1.199522204267119043e-15,9.794107972248033533e+00
1.884488420798712927e+00,-1.199522204277366543e-15,9.794107531919710397e+00
1.884488418740185356e+00,-1.199522204287448383e-15,9.794107098783880971e+00
1.884488416715860648e+00,-1.199522204297364167e-15,9.794106672844820949e+00
1.884488414725759675e+00,-1.199522204307113108e-15,9.794106254106726084e+00
1.884488412769900867e+00,-1.199522204316696387e-15,9.794105842573733511e+00
1.884488410848304429e+00,-1.199522204326113217e-15,9.794105438249907536e+00
1.884488408960988348e+00,-1.199522204335363203e-15,9.794105041139228973e+00
1.884488407107971941e+00,-1.199522204344447133e-15,9.794104651245623572e+00
1.884488405289274082e+00,-1.199522204353364417e-15,9.794104268572937144e+00
1.884488403504911869e+00,-1.199522204362114659e-15,9.794103893124942672e+00
1.884488401754902620e+00,-1.199522204370698255e-15,9.794103524905345637e+00
1.884488400039264988e+00,-1.199522204379114612e-15,9.794103163917780464e+00
1.884488398358014294e+00,-1.199522204387364519e-15,9.794102810165810524e+00
1.884488396711168523e+00,-1.199522204395446991e-15,9.794102463652922808e+00
1.884488395098742775e+00,-1.199522204403362421e-15,9.794102124382540353e+00
1.884488393520753480e+00,-1.199522204411110613e-15,9.794101792358008041e+00
1.884488391977217070e+00,-1.199522204418691763e-15,9.794101467582603249e+00
1.884488390468146868e+00,-1.199522204426105084e-15,9.794101150059528749e+00
1.884488388993558861e+00,-1.199522204433351166e-15,9.794100839791921587e+00
1.884488387553468147e+00,-1.199522204440429417e-15,9.794100536782838873e+00
1.884488386147888273e+00,-1.199522204447340431e-15,9.794100241035273768e+00
1.884488384776833003e+00,-1.199522204454084008e-15,9.794099952552146604e+00
1.884488383440315662e+00,-1.199522204460659558e-15,9.794099671336295998e+00
1.884488382138350460e+00,-1.199522204467067278e-15,9.794099397390503725e+00
1.884488380870949387e+00,-1.199522204473307365e-15,9.794099130717469848e+00
1.884488379638125544e+00,-1.199522204479379030e-15,9.794098871319825150e+00
1.884488378439890033e+00,-1.199522204485283062e-15,9.794098619200132916e+00
1.884488377276256177e+00,-1.199522204491019264e-15,9.794098374360878267e+00
1.884488376147234412e+00,-1.199522204496587242e-15,9.794098136804477051e+00
1.884488375052835618e+00,-1.199522204501986798e-15,9.794097906533272280e+00
1.884488373993071786e+00,-1.199522204507218326e-15,9.794097683549535915e+00
1.884488372967952463e+00,-1.199522204512281630e-15,9.794097467855474193e+00
1.884488371977488086e+00,-1.199522204517176906e-15,9.794097259453209858e+00
1.884488371021688646e+00,-1.199522204521903366e-15,9.794097058344798157e+00
1.884488370100562360e+00,-1.199522204526461602e-15,9.794096864532228608e+00
1.884488369214120329e+00,-1.199522204530851218e-15,9.794096678017407243e+00
1.884488368362369881e+00,-1.199522204535072610e-15,9.794096498802179696e+00
1.884488367545319454e+00,-1.199522204539125383e-15,9.794096326888313442e+00
1.884488366762977929e+00,-1.199522204543009734e-15,9.794096162277504902e+00
1.884488366015351968e+00,-1.199522204546725663e-15,9.794096004971377667e+00
1.884488365302449564e+00,-1.199522204550272382e-15,9.794095854971480719e+00
1.884488364624278489e+00,-1.199522204553650679e-15,9.794095712279297317e+00
1.884488363980843850e+00,-1.199522204556860751e-15,9.794095576896239663e+00
1.884488363372153419e+00,-1.199522204559901021e-15,9.794095448823632921e+00
1.884488362798211636e+00,-1.199522204562773461e-15,9.794095328062752515e+00
1.884488362259025385e+00,-1.199522204565476887e-15,9.794095214614783274e+00
1.884488361754600660e+00,-1.199522204568011103e-15,9.794095108480842526e+00
1.884488361284940350e+00,-1.199522204570376699e-15,9.794095009661983653e+00
1.884488360850051114e+00,-1.199522204572573283e-15,9.794094918159176544e+00
1.884488360449935396e+00,-1.199522204574601247e-15,9.794094833973332470e+00
1.884488360084599190e+00,-1.199522204576460197e-15,9.794094757105272109e+00
1.884488359754044051e+00,-1.199522204578150332e-15,9.794094687555759293e+00
1.884488359458274864e+00,-1.199522204579671059e-15,9.794094625325476144e+00
1.884488359197293184e+00,-1.199522204581023166e-15,9.794094570415040835e+00
1.884488358971103228e+00,-1.199522204582206655e-15,9.794094522824998705e+00
1.884488358779705885e+00,-1.199522204583220735e-15,9.794094482555811609e+00
1.884488358623103155e+00,-1.199522204584065605e-15,9.794094449607877451e+00
1.884488358501297256e+00,-1.199522204584741856e-15,9.794094423981524855e+00
1.884488358414289078e+00,-1.199522204585248897e-15,9.794094405677007842e+00
1.884488358362079286e+00,-1.199522204585586726e-15,9.794094394694500494e+00
1.884488358344668546e+00,-1.199522204585755740e-15,9.794094391034118274e+00
1.884488358362057303e+00,-1.199522204585755740e-15,9.794094394695894934e+00
1.884488358414244669e+00,-1.199522204585586726e-15,9.794094405679793169e+00
1.884488358501230643e+00,-1.199522204585248897e-15,9.794094423985708175e+00
1.884488358623014115e+00,-1.199522204584741856e-15,9.794094449613453435e+00
1.884488358779594197e+00,-1.199522204584065605e-15,9.794094482562778481e+00
1.884488358970970001e+00,-1.199522204583220735e-15,9.794094522833361793e+00
1.884488359197137974e+00,-1.199522204582206655e-15,9.794094570424800139e+00
1.884488359458096562e+00,-1.199522204581023166e-15,9.794094625336626336e+00
1.884488359753843989e+00,-1.199522204579671059e-15,9.794094687568300373e+00
1.884488360084376257e+00,-1.199522204578150332e-15,9.794094757119209405e+00
1.884488360449691147e+00,-1.199522204576460197e-15,9.794094833988662430e+00
1.884488360849783550e+00,-1.199522204574601247e-15,9.794094918175902720e+00
1.884488361284651470e+00,-1.199522204572573283e-15,9.794095009680098940e+00
1.884488361754288910e+00,-1.199522204570376699e-15,9.794095108500352254e+00
1.884488362258692318e+00,-1.199522204568011103e-15,9.794095214635683888e+00
1.884488362797855698e+00,-1.199522204565476887e-15,9.794095328085045793e+00
1.884488363371775055e+00,-1.199522204562773461e-15,9.794095448847320640e+00
1.884488363980443726e+00,-1.199522204559901021e-15,9.794095576921312940e+00
1.884488364623855272e+00,-1.199522204556860751e-15,9.794095712305770363e+00
1.884488365302005253e+00,-1.199522204553650679e-15,9.794095854999341100e+00
1.884488366014884786e+00,-1.199522204550272382e-15,9.794096005000627159e+00
1.884488366762488543e+00,-1.199522204546725663e-15,9.794096162308148834e+00
1.884488367544808529e+00,-1.199522204543009734e-15,9.794096326920348261e+00
1.884488368361836308e+00,-1.199522204539125383e-15,9.794096498835603626e+00
1.884488369213564996e+00,-1.199522204535072610e-15,9.794096678052220284e+00
1.884488370099985044e+00,-1.199522204530851218e-15,9.794096864568428984e+00
1.884488371021088238e+00,-1.199522204526461602e-15,9.794097058382391197e+00
1.884488371976866361e+00,-1.199522204521903366e-15,9.794097259492188456e+00
1.884488372967308312e+00,-1.199522204517176906e-15,9.794097467895843678e+00
1.884488373992405208e+00,-1.199522204512281630e-15,9.794097683591292736e+00
1.884488375052147280e+00,-1.199522204507218326e-15,9.794097906576412882e+00
1.884488376146523425e+00,-1.199522204501986798e-15,9.794098136849004987e+00
1.884488377275523430e+00,-1.199522204496587242e-15,9.794098374406795315e+00
1.884488378439135747e+00,-1.199522204491019264e-15,9.794098619247435522e+00
1.884488379637348165e+00,-1.199522204485283062e-15,9.794098871368513315e+00
1.884488380870150248e+00,-1.199522204479379030e-15,9.794099130767541794e+00
1.884488382137529339e+00,-1.199522204473307365e-15,9.794099397441961230e+00
1.884488383439472337e+00,-1.199522204467067278e-15,9.794099671389137285e+00
1.884488384775967251e+00,-1.199522204460659558e-15,9.794099952606369897e+00
1.884488386147000760e+00,-1.199522204454084008e-15,9.794100241090884396e+00
1.884488387552558653e+00,-1.199522204447340431e-15,9.794100536839829729e+00
1.884488388992627383e+00,-1.199522204440429417e-15,9.794100839850292672e+00
1.884488390467192964e+00,-1.199522204433351166e-15,9.794101150119281840e+00
1.884488391976240740e+00,-1.199522204426105084e-15,9.794101467643736569e+00
1.884488393519756055e+00,-1.199522204418691763e-15,9.794101792420523367e+00
1.884488395097722702e+00,-1.199522204411110613e-15,9.794102124446432356e+00
1.884488396710126246e+00,-1.199522204403362421e-15,9.794102463718195040e+00
1.884488398356950700e+00,-1.199522204395446991e-15,9.794102810232459433e+00
1.884488400038178746e+00,-1.199522204387364519e-15,9.794103163985807825e+00
1.884488401753795506e+00,-1.199522204379114612e-15,9.794103524974747899e+00
1.884488403503781662e+00,-1.199522204370698255e-15,9.794103893195721611e+00
1.884488405288122337e+00,-1.199522204362114659e-15,9.794104268645092759e+00
1.884488407106798658e+00,-1.199522204353364417e-15,9.794104651319154087e+00
1.884488408959792416e+00,-1.199522204344447133e-15,9.794105041214132612e+00
1.884488410847086737e+00,-1.199522204335363203e-15,9.794105438326180746e+00
1.884488412768661636e+00,-1.199522204326113217e-15,9.794105842651383398e+00
1.884488414724498462e+00,-1.199522204316696387e-15,9.794106254185745541e+00
1.884488416714577674e+00,-1.199522204307113108e-15,9.794106672925208201e+00
1.884488418738880622e+00,-1.199522204297364167e-15,9.794107098865643124e+00
1.884488420797386210e+00,-1.199522204287448383e-15,9.794107532002840344e+00
1.884488422890074677e+00,-1.199522204277366543e-15,9.794107972332529499e+00
1.884488425016925595e+00,-1.199522204267119043e-15,9.794108419850369174e+00
1.884488427177917202e+00,-1.199522204256705685e-15,9.794108874551939792e+00
1.884488429373029295e+00,-1.199522204246126074e-15,9.794109336432750723e+00
1.884488431602239222e+00,-1.199522204235381000e-15,9.794109805488252718e+00
1.884488433865525892e+00,-1.199522204224470856e-15,9.794110281713816590e+00
1.884488436162865099e+00,-1.199522204213394657e-15,9.794110765104734995e+00
1.884488438494236862e+00,-1.199522204202153389e-15,9.794111255656247295e+00
1.884488440859615643e+00,-1.199522204190746658e-15,9.794111753363505812e+00
1.884488443258979906e+00,-1.199522204179175252e-15,9.794112258221607803e+00
1.884488445692305003e+00,-1.199522204167438185e-15,9.794112770225561704e+00
1.884488448159566953e+00,-1.199522204155536443e-15,9.794113289370322661e+00
1.884488450660742220e+00,-1.199522204143470224e-15,9.794113815650765886e+00
1.884488453195804825e+00,-1.199522204131239133e-15,9.794114349061699087e+00
1.884488455764731007e+00,-1.199522204118843367e-15,9.794114889597857143e+00
1.884488458367494568e+00,-1.199522204106283518e-15,9.794115437253909207e+00
1.884488461004070192e+00,-1.199522204093558994e-15,9.794115992024446271e+00
1.884488463674431902e+00,-1.199522204080670388e-15,9.794116553903998934e+00
1.884488466378553717e+00,-1.199522204067617895e-15,9.794117122887023186e+00
1.884488469116407661e+00,-1.199522204054401517e-15,9.794117698967900409e+00
1.884488471887967309e+00,-1.199522204041021450e-15,9.794118282140951592e+00
1.884488474693206239e+00,-1.199522204027477300e-15,9.794118872400417786e+00
1.884488477532095807e+00,-1.199522204013770052e-15,9.794119469740477868e+00
1.884488480404607813e+00,-1.199522203999899117e-15,9.794120074155234335e+00
1.884488483310715168e+00,-1.199522203985865084e-15,9.794120685638723955e+00
1.884488486250387673e+00,-1.199522203971668349e-15,9.794121304184919552e+00
1.884488489223597352e+00,-1.199522203957307728e-15,9.794121929787705128e+00
1.884488492230314005e+00,-1.199522203942784996e-15,9.794122562440918500e+00
1.884488495270508324e+00,-1.199522203928099364e-15,9.794123202138313999e+00
1.884488498344150997e+00,-1.199522203913251424e-15,9.794123848873578453e+00
1.884488501451210940e+00,-1.199522203898240781e-15,9.794124502640331187e+00
1.884488504591657509e+00,-1.199522203883068028e-15,9.794125163432118697e+00
1.884488507765459175e+00,-1.199522203867732769e-15,9.794125831242419977e+00
1.884488510972585740e+00,-1.199522203852236385e-15,9.794126506064653626e+00
1.884488514213005450e+00,-1.199522203836577694e-15,9.794127187892152975e+00
1.884488517486686110e+00,-1.199522203820757285e-15,9.794127876718190961e+00
1.884488520793594857e+00,-1.199522203804775358e-15,9.794128572535973021e+00
1.884488524133699050e+00,-1.199522203788632700e-15,9.794129275338637086e+00
1.884488527506967159e+00,-1.199522203772328326e-15,9.794129985119237602e+00
1.884488530913363658e+00,-1.199522203755863221e-15,9.794130701870781053e+00
1.884488534352856570e+00,-1.199522203739236991e-15,9.794131425586186879e+00
1.884488537825412147e+00,-1.199522203722450426e-15,9.794132156258321231e+00
1.884488541330994860e+00,-1.199522203705503129e-15,9.794132893879968549e+00
1.884488544869570736e+00,-1.199522203688395892e-15,9.794133638443858203e+00
1.884488548441104694e+00,-1.199522203671127924e-15,9.794134389942630747e+00
1.884488552045561871e+00,-1.199522203653700409e-15,9.794135148368880550e+00
1.884488555682906297e+00,-1.199522203636113149e-15,9.794135913715123820e+00
1.884488559353102222e+00,-1.199522203618365554e-15,9.794136685973802159e+00
1.884488563056113675e+00,-1.199522203600459200e-15,9.794137465137302101e+00
1.884488566791904018e+00,-1.199522203582393102e-15,9.794138251197930245e+00
1.884488570560435505e+00,-1.199522203564168049e-15,9.794139044147932793e+00
1.884488574361671720e+00,-1.199522203545784040e-15,9.794139843979484894e+00
1.884488578195575581e+00,-1.199522203527241272e-15,9.794140650684694194e+00
1.884488582062108897e+00,-1.199522203508539550e-15,9.794141464255599061e+00
1.884488585961232809e+00,-1.199522203489680055e-15,9.794142284684177469e+00
1.884488589892908905e+00,-1.199522203470661999e-15,9.794143111962325676e+00
1.884488593857099659e+00,-1.199522203451486171e-15,9.794143946081888430e+00
1.884488597853765102e+00,-1.199522203432152373e-15,9.794144787034626987e+00
1.884488601882865488e+00,-1.199522203412660804e-15,9.794145634812249313e+00
1.884488605944361295e+00,-1.199522203393011856e-15,9.794146489406386991e+00
1.884488610038212997e+00,-1.199522203373205531e-15,9.794147350808607655e+00
1.884488614164379294e+00,-1.199522203353242420e-15,9.794148219010414991e+00
1.884488618322819775e+00,-1.199522203333122522e-15,9.794149094003239853e+00
1.884488622513493805e+00,-1.199522203312845642e-15,9.794149975778445594e+00
1.884488626736358974e+00,-1.199522203292412369e-15,9.794150864327335171e+00
1.884488630991375757e+00,-1.199522203271822705e-15,9.794151759641135158e+00
1.884488635278499746e+00,-1.199522203251077044e-15,9.794152661711017060e+00
1.884488639597689641e+00,-1.199522203230175780e-15,9.794153570528077779e+00
1.884488643948903253e+00,-1.199522203209118913e-15,9.794154486083352040e+00
1.884488648332097060e+00,-1.199522203187906443e-15,9.794155408367801741e+00
1.884488652747227544e+00,-1.199522203166538765e-15,9.794156337372326604e+00
1.884488657194250960e+00,-1.199522203145015879e-15,9.794157273087760629e+00
1.884488661673124898e+00,-1.199522203123338375e-15,9.794158215504870313e+00
1.884488666183804062e+00,-1.199522203101506058e-15,9.794159164614358204e+00
1.884488670726244486e+00,-1.199522203079519716e-15,9.794160120406857573e+00
1.884488675300399763e+00,-1.199522203057378954e-15,9.794161082872935964e+00
1.884488679906226594e+00,-1.199522203035084759e-15,9.794162052003100527e+00
1.884488684543679016e+00,-1.199522203012635750e-15,9.794163027787776699e+00
1.884488689212711066e+00,-1.199522202990034490e-15,9.794164010217354388e+00
1.884488693913276114e+00,-1.199522202967279206e-15,9.794164999282124029e+00
1.884488698645329308e+00,-1.199522202944371079e-15,9.794165994972331646e+00
1.884488703408821797e+00,-1.199522202921309914e-15,9.794166997278152209e+00
1.884488708203708285e+00,-1.199522202898096302e-15,9.794168006189694964e+00
1.884488713029940588e+00,-1.199522202874730439e-15,9.794169021697006983e+00
1.884488717887472076e+00,-1.199522202851212326e-15,9.794170043790062508e+00
1.884488722776253233e+00,-1.199522202827542357e-15,9.794171072458780714e+00
1.884488727696237209e+00,-1.199522202803720730e-15,9.794172107693009721e+00
1.884488732647374709e+00,-1.199522202779747444e-15,9.794173149482530150e+00
1.884488737629617106e+00,-1.199522202755622894e-15,9.794174197817069327e+00
1.884488742642915327e+00,-1.199522202731347672e-15,9.794175252686278199e+00
1.884488747687219412e+00,-1.199522202706921975e-15,9.794176314079752643e+00
1.884488752762480290e+00,-1.199522202682345605e-15,9.794177381987013931e+00
1.884488757868647557e+00,-1.199522202657618760e-15,9.794178456397522936e+00
1.884488763005670364e+00,-1.199522202632742031e-15,9.794179537300683691e+00
1.884488768173498752e+00,-1.199522202607715222e-15,9.794180624685823844e+00
1.884488773372080983e+00,-1.199522202582539515e-15,9.794181718542223081e+00
1.884488778601366210e+00,-1.199522202557214516e-15,9.794182818859079376e+00
1.884488783861302696e+00,-1.199522202531740028e-15,9.794183925625535636e+00
1.884488789151839150e+00,-1.199522202506117234e-15,9.794185038830676149e+00
1.884488794472922057e+00,-1.199522202480345346e-15,9.794186158463510594e+00
1.884488799824499683e+00,-1.199522202454425546e-15,9.794187284512993585e+00
1.884488805206519846e+00,-1.199522202428358032e-15,9.794188416968015787e+00
1.884488810618927923e+00,-1.199522202402142606e-15,9.794189555817400361e+00
1.884488816061671512e+00,-1.199522202375779466e-15,9.794190701049906522e+00
1.884488821534696879e+00,-1.199522202349269598e-15,9.794191852654241970e+00
1.884488827037949399e+00,-1.199522202322612213e-15,9.794193010619030915e+00
1.884488832571375783e+00,-1.199522202295808495e-15,9.794194174932858488e+00
1.884488838134919853e+00,-1.199522202268858442e-15,9.794195345584231660e+00
1.884488843728528318e+00,-1.199522202241762056e-15,9.794196522561595231e+00
1.884488849352145223e+00,-1.199522202214519731e-15,9.794197705853340707e+00
1.884488855005714392e+00,-1.199522202187131664e-15,9.794198895447786768e+00
1.884488860689181422e+00,-1.199522202159598446e-15,9.794200091333200575e+00
1.884488866402489471e+00,-1.199522202131920078e-15,9.794201293497776462e+00
1.884488872145582361e+00,-1.199522202104096559e-15,9.794202501929651916e+00
1.884488877918403249e+00,-1.199522202076129665e-15,9.794203716616912914e+00
1.884488883720895069e+00,-1.199522202048017424e-15,9.794204937547558387e+00
1.884488889553000535e+00,-1.199522202019761215e-15,9.794206164709546414e+00
1.884488895414662135e+00,-1.199522201991361631e-15,9.794207398090772898e+00
1.884488901305821917e+00,-1.199522201962818868e-15,9.794208637679062690e+00
1.884488907226422594e+00,-1.199522201934132730e-15,9.794209883462183797e+00
1.884488913176404878e+00,-1.199522201905303611e-15,9.794211135427843828e+00
1.884488919155709929e+00,-1.199522201876331708e-15,9.794212393563684671e+00
1.884488925164278683e+00,-1.199522201847217810e-15,9.794213657857300248e+00
1.884488931202052964e+00,-1.199522201817961918e-15,9.794214928296209877e+00
1.884488937268971709e+00,-1.199522201788564819e-15,9.794216204867881359e+00
1.884488943364976077e+00,-1.199522201759025528e-15,9.794217487559707891e+00
1.884488949490005449e+00,-1.199522201729345425e-15,9.794218776359041811e+00
1.884488955643999208e+00,-1.199522201699524314e-15,9.794220071253162629e+00
1.884488961826897402e+00,-1.199522201669562982e-15,9.794221372229291234e+00
1.884488968038638301e+00,-1.199522201639461036e-15,9.794222679274591670e+00
1.884488974279160178e+00,-1.199522201609219461e-15,9.794223992376167587e+00
1.884488980548402415e+00,-1.199522201578837864e-15,9.794225311521056909e+00
1.884488986846303060e+00,-1.199522201548317230e-15,9.794226636696249599e+00
1.884488993172798832e+00,-1.199522201517657757e-15,9.794227967888666342e+00
1.884488999527829112e+00,-1.199522201486858852e-15,9.794229305085165649e+00
1.884489005911329507e+00,-1.199522201455922094e-15,9.794230648272559847e+00
1.884489012323238288e+00,-1.199522201424846891e-15,9.794231997437591986e+00
1.884489018763490842e+00,-1.199522201393634031e-15,9.794233352566950046e+00
1.884489025232024328e+00,-1.199522201362283516e-15,9.794234713647259838e+00
1.884489031728775021e+00,-1.199522201330795935e-15,9.794236080665093880e+00
1.884489038253678750e+00,-1.199522201299171291e-15,9.794237453606958965e+00
1.884489044806671121e+00,-1.199522201267410173e-15,9.794238832459310373e+00
1.884489051387687297e+00,-1.199522201235512779e-15,9.794240217208539434e+00
1.884489057996662220e+00,-1.199522201203479504e-15,9.794241607840984187e+00
1.884489064633530830e+00,-1.199522201171310348e-15,9.794243004342918724e+00
1.884489071298227625e+00,-1.199522201139006100e-15,9.794244406700569172e+00
1.884489077990687100e+00,-1.199522201106566956e-15,9.794245814900090608e+00
1.884489084710843088e+00,-1.199522201073992720e-15,9.794247228927588367e+00
1.884489091458628085e+00,-1.199522201041284378e-15,9.794248648769112719e+00
1.884489098233977034e+00,-1.199522201008441731e-15,9.794250074410648210e+00
1.884489105036823320e+00,-1.199522200975465571e-15,9.794251505838131422e+00
1.884489111867098110e+00,-1.199522200942356290e-15,9.794252943037438541e+00
1.884489118724734791e+00,-1.199522200909113691e-15,9.794254385994380030e+00
1.884489125609666083e+00,-1.199522200875737972e-15,9.794255834694721941e+00
1.884489132521824262e+00,-1.199522200842230514e-15,9.794257289124171706e+00
1.884489139461139384e+00,-1.199522200808590526e-15,9.794258749268371034e+00
1.884489146427544837e+00,-1.199522200774818799e-15,9.794260215112913670e+00
1.884489153420971341e+00,-1.199522200740915924e-15,9.794261686643338294e+00
1.884489160441349620e+00,-1.199522200706881704e-15,9.794263163845119635e+00
1.884489167488609729e+00,-1.199522200672716927e-15,9.794264646703684463e+00
1.884489174562683278e+00,-1.199522200638421594e-15,9.794266135204397372e+00
1.884489181663500545e+00,-1.199522200603996098e-15,9.794267629332569669e+00
1.884489188790990699e+00,-1.199522200569441229e-15,9.794269129073462921e+00
1.884489195945083129e+00,-1.199522200534756988e-15,9.794270634412272969e+00
1.884489203125707668e+00,-1.199522200499943175e-15,9.794272145334144142e+00
1.884489210332794151e+00,-1.199522200465000976e-15,9.794273661824171029e+00
1.884489217566270636e+00,-1.199522200429930389e-15,9.794275183867387824e+00
1.884489224826065179e+00,-1.199522200394732007e-15,9.794276711448775430e+00
1.884489232112107615e+00,-1.199522200359405830e-15,9.794278244553259682e+00
1.884489239424325113e+00,-1.199522200323952054e-15,9.794279783165707798e+00
1.884489246762645065e+00,-1.199522200288371864e-15,9.794281327270944359e+00
1.884489254126995750e+00,-1.199522200252664667e-15,9.794282876853728226e+00
1.884489261517304559e+00,-1.199522200216831252e-15,9.794284431898768517e+00
1.884489268933498884e+00,-1.199522200180872211e-15,9.794285992390721063e+00
1.884489276375504119e+00,-1.199522200144787149e-15,9.794287558314184849e+00
1.884489283843247653e+00,-1.199522200108577250e-15,9.794289129653710901e+00
1.884489291336656214e+00,-1.199522200072242514e-15,9.794290706393791623e+00
1.884489298855654971e+00,-1.199522200035782941e-15,9.794292288518866130e+00
1.884489306400170650e+00,-1.199522199999199516e-15,9.794293876013325573e+00
1.884489313970128421e+00,-1.199522199962492043e-15,9.794295468861502485e+00
1.884489321565453013e+00,-1.199522199925661508e-15,9.794297067047679661e+00
1.884489329186070261e+00,-1.199522199888707911e-15,9.794298670556086606e+00
1.884489336831903561e+00,-1.199522199851631645e-15,9.794300279370899531e+00
1.884489344502879415e+00,-1.199522199814433107e-15,9.794301893476243137e+00
1.884489352198920775e+00,-1.199522199777112689e-15,9.794303512856188831e+00
1.884489359919951923e+00,-1.199522199739670392e-15,9.794305137494754732e+00
1.884489367665897808e+00,-1.199522199702107202e-15,9.794306767375912770e+00
1.884489375436679826e+00,-1.199522199664423120e-15,9.794308402483579812e+00
1.884489383232223370e+00,-1.199522199626618538e-15,9.794310042801614102e+00
1.884489391052449392e+00,-1.199522199588693656e-15,9.794311688313836584e+00
1.884489398897283063e+00,-1.199522199550649458e-15,9.794313339004006025e+00
1.884489406766644670e+00,-1.199522199512485354e-15,9.794314994855831458e+00
1.884489414660458273e+00,-1.199522199474202920e-15,9.794316655852979281e+00
1.884489422578645490e+00,-1.199522199435801960e-15,9.794318321979053721e+00
1.884489430521127939e+00,-1.199522199397282277e-15,9.794319993217611042e+00
1.884489438487826796e+00,-1.199522199358645250e-15,9.794321669552166654e+00
1.884489446478664121e+00,-1.199522199319890289e-15,9.794323350966172015e+00
1.884489454493560867e+00,-1.199522199281018773e-15,9.794325037443041282e+00
1.884489462532437987e+00,-1.199522199242029915e-15,9.794326728966124662e+00
1.884489470595216432e+00,-1.199522199202925488e-15,9.794328425518736836e+00
1.884489478681815822e+00,-1.199522199163704507e-15,9.794330127084130311e+00
1.884489486792157331e+00,-1.199522199124368550e-15,9.794331833645520291e+00
1.884489494926159470e+00,-1.199522199084917221e-15,9.794333545186063361e+00
1.884489503083743411e+00,-1.199522199045351508e-15,9.794335261688871697e+00
1.884489511264827888e+00,-1.199522199005671016e-15,9.794336983137000630e+00
1.884489519469332297e+00,-1.199522198965876927e-15,9.794338709513469965e+00
1.884489527697176037e+00,-1.199522198925969046e-15,9.794340440801239112e+00
1.884489535948277616e+00,-1.199522198885947963e-15,9.794342176983226622e+00
1.884489544222554880e+00,-1.199522198845814270e-15,9.794343918042299535e+00
1.884489552519927225e+00,-1.199522198805568164e-15,9.794345663961273374e+00
1.884489560840312716e+00,-1.199522198765209843e-15,9.794347414722922807e+00
1.884489569183628088e+00,-1.199522198724740292e-15,9.794349170309970987e+00
1.884489577549792072e+00,-1.199522198684159118e-15,9.794350930705089553e+00
1.884489585938721845e+00,-1.199522198643467898e-15,9.794352695890916394e+00
1.884489594350335473e+00,-1.199522198602665448e-15,9.794354465850020119e+00
1.884489602784547913e+00,-1.199522198561753346e-15,9.794356240564942695e+00
1.884489611241277451e+00,-1.199522198520731988e-15,9.794358020018171018e+00
1.884489619720440157e+00,-1.199522198479601174e-15,9.794359804192142249e+00
1.884489628221952096e+00,-1.199522198438361498e-15,9.794361593069249139e+00
1.884489636745729779e+00,-1.199522198397013749e-15,9.794363386631841806e+00
1.884489645291689275e+00,-1.199522198355557925e-15,9.794365184862218854e+00
1.884489653859746205e+00,-1.199522198313994421e-15,9.794366987742636255e+00
1.884489662449815084e+00,-1.199522198272324225e-15,9.794368795255307347e+00
1.884489671061811755e+00,-1.199522198230546940e-15,9.794370607382385074e+00
1.884489679695651621e+00,-1.199522198188663356e-15,9.794372424105993957e+00
1.884489688351248304e+00,-1.199522198146673868e-15,9.794374245408205226e+00
1.884489697028518318e+00,-1.199522198104579067e-15,9.794376071271047479e+00
1.884489705727374176e+00,-1.199522198062379150e-15,9.794377901676501352e+00
1.884489714447730613e+00,-1.199522198020074709e-15,9.794379736606503073e+00
1.884489723189501698e+00,-1.199522197977665744e-15,9.794381576042944459e+00
1.884489731952601277e+00,-1.199522197935153241e-15,9.794383419967676474e+00
1.884489740736942309e+00,-1.199522197892537397e-15,9.794385268362503894e+00
1.884489749542439085e+00,-1.199522197849818212e-15,9.794387121209179980e+00
1.884489758369003676e+00,-1.199522197806996476e-15,9.794388978489426023e+00
1.884489767216549261e+00,-1.199522197764073173e-15,9.794390840184913571e+00
1.884489776084989465e+00,-1.199522197721047714e-15,9.794392706277269767e+00
1.884489784974235027e+00,-1.199522197677921280e-15,9.794394576748080894e+00
1.884489793884198683e+00,-1.199522197634693674e-15,9.794396451578885276e+00
1.884489802814794057e+00,-1.199522197591365686e-15,9.794398330751183934e+00
1.884489811765931666e+00,-1.199522197547937907e-15,9.794400214246435254e+00
1.884489820737522248e+00,-1.199522197504410732e-15,9.794402102046051439e+00
1.884489829729479649e+00,-1.199522197460783963e-15,9.794403994131396729e+00
1.884489838741713275e+00,-1.199522197417058980e-15,9.794405890483810495e+00
1.884489847774134308e+00,-1.199522197373234996e-15,9.794407791084566384e+00
1.884489856826654375e+00,-1.199522197329313785e-15,9.794409695914920277e+00
1.884489865899184213e+00,-1.199522197285294952e-15,9.794411604956069439e+00
1.884489874991633229e+00,-1.199522197241179286e-15,9.794413518189173828e+00
1.884489884103912827e+00,-1.199522197196966985e-15,9.794415435595357877e+00
1.884489893235932190e+00,-1.199522197152658640e-15,9.794417357155692727e+00
1.884489902387600946e+00,-1.199522197108254449e-15,9.794419282851222874e+00
1.884489911558830499e+00,-1.199522197063755199e-15,9.794421212662941301e+00
1.884489920749528924e+00,-1.199522197019161090e-15,9.794423146571805461e+00
1.884489929959605403e+00,-1.199522196974472514e-15,9.794425084558728400e+00
1.884489939188969565e+00,-1.199522196929690458e-15,9.794427026604591191e+00
1.884489948437530149e+00,-1.199522196884814528e-15,9.794428972690223389e+00
1.884489957705195895e+00,-1.199522196839845709e-15,9.794430922796422578e+00
1.884489966991875765e+00,-1.199522196794784002e-15,9.794432876903941931e+00
1.884489976297476943e+00,-1.199522196749630590e-15,9.794434834993502648e+00
1.884489985621908170e+00,-1.199522196704385670e-15,9.794436797045779741e+00
1.884489994965078186e+00,-1.199522196659049242e-15,9.794438763041409146e+00
1.884490004326893731e+00,-1.199522196613621898e-15,9.794440732960987717e+00
1.884490013707263545e+00,-1.199522196568104229e-15,9.794442706785080333e+00
1.884490023106093481e+00,-1.199522196522496828e-15,9.794444684494207465e+00
1.884490032523291614e+00,-1.199522196476799890e-15,9.794446666068852281e+00
1.884490041958764905e+00,-1.199522196431013812e-15,9.794448651489457092e+00
1.884490051412421208e+00,-1.199522196385139183e-15,9.794450640736430458e+00
1.884490060884165707e+00,-1.199522196339176794e-15,9.794452633790143636e+00
1.884490070373905590e+00,-1.199522196293126448e-15,9.794454630630927028e+00
1.884490079881547153e+00,-1.199522196246989129e-15,9.794456631239075506e+00
1.884490089406996471e+00,-1.199522196200765035e-15,9.794458635594843088e+00
1.884490098950159620e+00,-1.199522196154454758e-15,9.794460643678457146e+00
1.884490108510942452e+00,-1.199522196108058693e-15,9.794462655470093537e+00
1.884490118089250377e+00,-1.199522196061577036e-15,9.794464670949899698e+00
1.884490127684989469e+00,-1.199522196015010577e-15,9.794466690097991091e+00
1.884490137298064028e+00,-1.199522195968359710e-15,9.794468712894436990e+00
1.884490146928380350e+00,-1.199522195921624829e-15,9.794470739319280028e+00
1.884490156575841846e+00,-1.199522195874806526e-15,9.794472769352518426e+00
1.884490166240355258e+00,-1.199522195827904998e-15,9.794474802974118433e+00
1.884490175921823329e+00,-1.199522195780921034e-15,9.794476840164016096e+00
1.884490185620151470e+00,-1.199522195733854831e-15,9.794478880902103057e+00
1.884490195335244422e+00,-1.199522195686706982e-15,9.794480925168240759e+00
1.884490205067005153e+00,-1.199522195639478076e-15,9.794482972942260446e+00
1.884490214815338405e+00,-1.199522195592168116e-15,9.794485024203945400e+00
1.884490224580146922e+00,-1.199522195544778480e-15,9.794487078933059365e+00
1.884490234361336114e+00,-1.199522195497308775e-15,9.794489137109323451e+00
1.884490244158807837e+00,-1.199522195449759592e-15,9.794491198712423241e+00
1.884490253972466611e+00,-1.199522195402131524e-15,9.794493263722017673e+00
1.884490263802214294e+00,-1.199522195354425555e-15,9.794495332117728381e+00
1.884490273647955183e+00,-1.199522195306641094e-15,9.794497403879139696e+00
1.884490283509590913e+00,-1.199522195258779326e-15,9.794499478985807528e+00
1.884490293387025339e+00,-1.199522195210840643e-15,9.794501557417257587e+00
1.884490303280159873e+00,-1.199522195162825243e-15,9.794503639152971175e+00
1.884490313188896593e+00,-1.199522195114734310e-15,9.794505724172413608e+00
1.884490323113139798e+00,-1.199522195066567252e-15,9.794507812455000462e+00
1.884490333052789346e+00,-1.199522195018325647e-15,9.794509903980131327e+00
1.884490343007748425e+00,-1.199522194970009100e-15,9.794511998727157831e+00
1.884490352977917782e+00,-1.199522194921618400e-15,9.794514096675412063e+00
1.884490362963200383e+00,-1.199522194873154336e-15,9.794516197804192359e+00
1.884490372963496307e+00,-1.199522194824617105e-15,9.794518302092757978e+00
1.884490382978707412e+00,-1.199522194776006904e-15,9.794520409520345083e+00
1.884490393008735332e+00,-1.199522194727324523e-15,9.794522520066156090e+00
1.884490403053479923e+00,-1.199522194678570552e-15,9.794524633709364991e+00
1.884490413112842822e+00,-1.199522194629745387e-15,9.794526750429112028e+00
1.884490423186725216e+00,-1.199522194580849619e-15,9.794528870204507243e+00
1.884490433275026078e+00,-1.199522194531883247e-15,9.794530993014630482e+00
1.884490443377647928e+00,-1.199522194482847259e-15,9.794533118838533170e+00
1.884490453494489071e+00,-1.199522194433741851e-15,9.794535247655236532e+00
1.884490463625451362e+00,-1.199522194384567417e-15,9.794537379443729819e+00
1.884490473770433550e+00,-1.199522194335324748e-15,9.794539514182979190e+00
1.884490483929335713e+00,-1.199522194286014433e-15,9.794541651851915276e+00
1.884490494102058156e+00,-1.199522194236636671e-15,9.794543792429443840e+00
1.884490504288500512e+00,-1.199522194187192052e-15,9.794545935894438671e+00
1.884490514488561308e+00,-1.199522194137680973e-15,9.794548082225746910e+00
1.884490524702140402e+00,-1.199522194088104023e-15,9.794550231402185503e+00
1.884490534929137207e+00,-1.199522194038461401e-15,9.794552383402544748e+00
1.884490545169450915e+00,-1.199522193988753894e-15,9.794554538205590077e+00
1.884490555422980052e+00,-1.199522193938982293e-15,9.794556695790054945e+00
1.884490565689623587e+00,-1.199522193889146795e-15,9.794558856134647939e+00
1.884490575969279824e+00,-1.199522193839247595e-15,9.794561019218049225e+00
1.884490586261848399e+00,-1.199522193789285287e-15,9.794563185018905216e+00
1.884490596567225396e+00,-1.199522193739260659e-15,9.794565353515849893e+00
1.884490606885311781e+00,-1.199522193689174105e-15,9.794567524687483484e+00
1.884490617216004527e+00,-1.199522193639026217e-15,9.794569698512374245e+00
1.884490627559201492e+00,-1.199522193588816996e-15,9.794571874969070890e+00
1.884490637914801203e+00,-1.199522193538547426e-15,9.794574054036095490e+00
1.884490648282700409e+00,-1.199522193488217903e-15,9.794576235691939914e+00
1.884490658662798523e+00,-1.199522193437828821e-15,9.794578419915080048e+00
1.884490669054990963e+00,-1.199522193387380969e-15,9.794580606683956248e+00
1.884490679459176476e+00,-1.199522193336874347e-15,9.794582795976987555e+00
1.884490689875252478e+00,-1.199522193286309743e-15,9.794584987772568141e+00
1.884490700303115496e+00,-1.199522193235687553e-15,9.794587182049067309e+00
1.884490710742662944e+00,-1.199522193185008762e-15,9.794589378784834821e+00
1.884490721193791796e+00,-1.199522193134272975e-15,9.794591577958184914e+00
1.884490731656399021e+00,-1.199522193083481574e-15,9.794593779547419388e+00
1.884490742130381369e+00,-1.199522193032634559e-15,9.794595983530808070e+00
1.884490752615635145e+00,-1.199522192981732520e-15,9.794598189886599471e+00
1.884490763112056433e+00,-1.199522192930775852e-15,9.794600398593022561e+00
1.884490773619543091e+00,-1.199522192879765543e-15,9.794602609628279666e+00
1.884490784137990094e+00,-1.199522192828700998e-15,9.794604822970542912e+00
1.884490794667293745e+00,-1.199522192777584389e-15,9.794607038597982651e+00
1.884490805207351460e+00,-1.199522192726414927e-15,9.794609256488723048e+00
1.884490815758057325e+00,-1.199522192675193202e-15,9.794611476620877610e+00
1.884490826319308532e+00,-1.199522192623920399e-15,9.794613698972538529e+00
1.884490836891000498e+00,-1.199522192572596122e-15,9.794615923521769574e+00
1.884490847473027975e+00,-1.199522192521221950e-15,9.794618150246622079e+00
1.884490858065288155e+00,-1.199522192469797686e-15,9.794620379125117182e+00
1.884490868667675123e+00,-1.199522192418323723e-15,9.794622610135258256e+00
1.884490879280085185e+00,-1.199522192366801048e-15,9.794624843255029134e+00
1.884490889902413091e+00,-1.199522192315230055e-15,9.794627078462392333e+00
1.884490900534554481e+00,-1.199522192263610547e-15,9.794629315735281949e+00
1.884490911176403660e+00,-1.199522192211944102e-15,9.794631555051626748e+00
1.884490921827855825e+00,-1.199522192160230720e-15,9.794633796389325298e+00
1.884490932488806392e+00,-1.199522192108471189e-15,9.794636039726256627e+00
1.884490943159149445e+00,-1.199522192056665313e-15,9.794638285040278447e+00
1.884490953838780181e+00,-1.199522192004814275e-15,9.794640532309234260e+00
1.884490964527592904e+00,-1.199522191952918271e-15,9.794642781510946250e+00
1.884490975225482146e+00,-1.199522191900978289e-15,9.794645032623218839e+00
1.884490985932342655e+00,-1.199522191848993735e-15,9.794647285623829802e+00
1.884490996648068517e+00,-1.199522191796966978e-15,9.794649540490555140e+00
1.884491007372553817e+00,-1.199522191744896439e-15,9.794651797201128218e+00
1.884491018105693083e+00,-1.199522191692783893e-15,9.794654055733284181e+00
1.884491028847379512e+00,-1.199522191640629538e-15,9.794656316064735080e+00
1.884491039597508077e+00,-1.199522191588434359e-15,9.794658578173173424e+00
1.884491050355972863e+00,-1.199522191536197765e-15,9.794660842036268633e+00
1.884491061122666178e+00,-1.199522191483921333e-15,9.794663107631684795e+00
1.884491071897483216e+00,-1.199522191431605064e-15,9.794665374937059354e+00
1.884491082680317398e+00,-1.199522191379249746e-15,9.794667643930019096e+00
1.884491093471061696e+00,-1.199522191326855774e-15,9.794669914588169490e+00
1.884491104269609307e+00,-1.199522191274423345e-15,9.794672186889096466e+00
1.884491115075854761e+00,-1.199522191221953445e-15,9.794674460810384176e+00
1.884491125889691698e+00,-1.199522191169446272e-15,9.794676736329581246e+00
1.884491136711011983e+00,-1.199522191116902416e-15,9.794679013424236302e+00
1.884491147539709921e+00,-1.199522191064322865e-15,9.794681292071878431e+00
1.884491158375677156e+00,-1.199522191011707815e-15,9.794683572250015402e+00
1.884491169218808437e+00,-1.199522190959057463e-15,9.794685853936142550e+00
1.884491180068996075e+00,-1.199522190906372204e-15,9.794688137107742776e+00
1.884491190926132820e+00,-1.199522190853653024e-15,9.794690421742284769e+00
1.884491201790111869e+00,-1.199522190800900712e-15,9.794692707817221233e+00
1.884491212660825976e+00,-1.199522190748115268e-15,9.794694995309988883e+00
1.884491223538167226e+00,-1.199522190695297678e-15,9.794697284198015552e+00
1.884491234422028816e+00,-1.199522190642447547e-15,9.794699574458704205e+00
1.884491245312303942e+00,-1.199522190589566651e-15,9.794701866069463136e+00
1.884491256208883136e+00,-1.199522190536654594e-15,9.794704159007666888e+00
1.884491267111661150e+00,-1.199522190483711772e-15,9.794706453250686451e+00
1.884491278020528959e+00,-1.199522190430739565e-15,9.794708748775883933e+00
1.884491288935379316e+00,-1.199522190377738170e-15,9.794711045560603679e+00
1.884491299856104529e+00,-1.199522190324707391e-15,9.794713343582174048e+00
1.884491310782596685e+00,-1.199522190271648803e-15,9.794715642817919843e+00
1.884491321714747425e+00,-1.199522190218562409e-15,9.794717943245149883e+00
1.884491332652449946e+00,-1.199522190165448601e-15,9.794720244841155221e+00
1.884491343595596113e+00,-1.199522190112308367e-15,9.794722547583226913e+00
1.884491354544077346e+00,-1.199522190059141706e-15,9.794724851448634695e+00
1.884491365497785731e+00,-1.199522190005949406e-15,9.794727156414641200e+00
1.884491376456613132e+00,-1.199522189952732455e-15,9.794729462458503733e+00
1.884491387420451858e+00,-1.199522189899490261e-15,9.794731769557456502e+00
1.884491398389193328e+00,-1.199522189846224203e-15,9.794734077688730167e+00
1.884491409362729186e+00,-1.199522189792934677e-15,9.794736386829551833e+00
1.884491420340951073e+00,-1.199522189739621879e-15,9.794738696957123736e+00
1.884491431323751076e+00,-1.199522189686286796e-15,9.794741008048651665e+00
1.884491442311020171e+00,-1.199522189632929822e-15,9.794743320081328974e+00
1.884491453302650665e+00,-1.199522189579550957e-15,9.794745633032327703e+00
1.884491464298533536e+00,-1.199522189526151582e-15,9.794747946878832323e+00
1.884491475298560870e+00,-1.199522189472731696e-15,9.794750261598002439e+00
1.884491486302622754e+00,-1.199522189419292089e-15,9.794752577166990548e+00
1.884491497310612385e+00,-1.199522189365832958e-15,9.794754893562943820e+00
1.884491508322419850e+00,-1.199522189312355091e-15,9.794757210763004096e+00
1.884491519337937016e+00,-1.199522189258858686e-15,9.794759528744299004e+00
1.884491530357054634e+00,-1.199522189205344926e-15,9.794761847483956174e+00
1.884491541379664126e+00,-1.199522189151813811e-15,9.794764166959085472e+00
1.884491552405657355e+00,-1.199522189098266327e-15,9.794766487146802092e+00
1.884491563434925077e+00,-1.199522189044702277e-15,9.794768808024199913e+00
1.884491574467358044e+00,-1.199522188991122450e-15,9.794771129568372814e+00
1.884491585502847899e+00,-1.199522188937527635e-15,9.794773451756416449e+00
1.884491596541285396e+00,-1.199522188883918423e-15,9.794775774565406934e+00
1.884491607582561290e+00,-1.199522188830294814e-15,9.794778097972416830e+00
1.884491618626567888e+00,-1.199522188776657991e-15,9.794780421954524030e+00
1.884491629673194613e+00,-1.199522188723008153e-15,9.794782746488785108e+00
1.884491640722334216e+00,-1.199522188669345890e-15,9.794785071552263744e+00
1.884491651773875232e+00,-1.199522188615671202e-15,9.794787397122002304e+00
1.884491662827711078e+00,-1.199522188561985668e-15,9.794789723175060914e+00
1.884491673883730734e+00,-1.199522188508289089e-15,9.794792049688476610e+00
1.884491684941826506e+00,-1.199522188454582058e-15,9.794794376639288203e+00
1.884491696001887817e+00,-1.199522188400865364e-15,9.794796704004532728e+00
1.884491707063806754e+00,-1.199522188347139203e-15,9.794799031761236563e+00
1.884491718127473847e+00,-1.199522188293404562e-15,9.794801359886427861e+00
1.884491729192779630e+00,-1.199522188239661441e-15,9.794803688357129445e+00
1.884491740259615300e+00,-1.199522188185910825e-15,9.794806017150360589e+00
1.884491751327871167e+00,-1.199522188132152518e-15,9.794808346243133457e+00
1.884491762397438208e+00,-1.199522188078388098e-15,9.794810675612467321e+00
1.884491773468206954e+00,-1.199522188024617563e-15,9.794813005235372572e+00
