ref_vel_x (m/s),ref_vel_y (m/s),ref_vel_z (m/s)
6.000000000000000000e+00,-3.673940397442059375e-16,7.347880794884118750e-16
5.999999703911870874e+00,1.884955561147647670e-03,7.347880794884118750e-16
5.999997509898982173e+00,5.466370461034494345e-03,7.347880794884118750e-16
5.999990681487112454e+00,1.057459539756273534e-02,7.347880794884118750e-16
5.999975755016993872e+00,1.705694017862811537e-02,7.347880794884118750e-16
5.999948845706365219e+00,2.477597438761823534e-02,7.347880794884118750e-16
5.999905874466851863e+00,3.360799812794682678e-02,7.347880794884118750e-16
5.999842733076321544e+00,4.344166607371420519e-02,7.347880794884118750e-16
5.999755401664579324e+00,5.417674959518856137e-02,7.347880794884118750e-16
5.999640029553901854e+00,6.572302316890145379e-02,7.347880794884118750e-16
5.999492988164217167e+00,7.799926261445425113e-02,7.347880794884118750e-16
5.999310902831160419e+00,9.093234392214208373e-02,7.347880794884118750e-16
5.999090668901331469e+00,1.044564325495750401e-01,7.347880794884118750e-16
5.998829456288419237e+00,1.185122540768907273e-01,7.347880794884118750e-16
5.998524705736302032e+00,1.330464380252612266e-01,7.347880794884118750e-16
5.998174119292436934e+00,1.480109274695355082e-01,7.347880794884118750e-16
5.997775646907957281e+00,1.633624478202813923e-01,7.347880794884118750e-16
5.997327470618448508e+00,1.790620288205267419e-01,7.347880794884118750e-16
5.996827987396393667e+00,1.950745744050558783e-01,7.347880794884118750e-16
5.996275791482378992e+00,2.113684756115943864e-01,7.347880794884118750e-16
5.995669656781241308e+00,2.279152622197806455e-01,7.347880794884118750e-16
5.995008519738377117e+00,2.446892892307862555e-01,7.347880794884118750e-16
5.994291462979965956e+00,2.616674546929641521e-01,7.347880794884118750e-16
5.993517699900643869e+00,2.788289457314248598e-01,7.347880794884118750e-16
5.992686560306479393e+00,2.961550099561002236e-01,7.347880794884118750e-16
5.991797477164681140e+00,3.136287497072841601e-01,7.347880794884118750e-16
5.990849974470052963e+00,3.312349368532260252e-01,7.347880794884118750e-16
5.989843656208486244e+00,3.489598460839807292e-01,7.347880794884118750e-16
5.988778196377068319e+00,3.667911048521148576e-01,7.347880794884118750e-16
5.987653330006546426e+00,3.847175582963646701e-01,7.347880794884118750e-16
5.986468845123323668e+00,4.027291476511513091e-01,7.347880794884118750e-16
5.985224575583513840e+00,4.208168007947757916e-01,7.347880794884118750e-16
5.983920394709884683e+00,4.389723337240056811e-01,7.347880794884118750e-16
5.982556209662895697e+00,4.571883618640398272e-01,7.347880794884118750e-16
5.981131956478964895e+00,4.754582202319288520e-01,7.347880794884118750e-16
5.979647595712020980e+00,4.937758915696909834e-01,7.347880794884118750e-16
5.978103108618030959e+00,5.121359416516593210e-01,7.347880794884118750e-16
5.976498493826151837e+00,5.305334610500441750e-01,7.347880794884118750e-16
5.974833764444388962e+00,5.489640127142197956e-01,7.347880794884118750e-16
5.973108945551838467e+00,5.674235847835444879e-01,7.347880794884118750e-16
5.971324072033764807e+00,5.859085481114775229e-01,7.347880794884118750e-16
5.969479186719758523e+00,6.044156180308445370e-01,7.347880794884118750e-16
5.967574338789047417e+00,6.229418199370335696e-01,7.347880794884118750e-16
5.965609582410597689e+00,6.414844583081176221e-01,7.347880794884118750e-16
5.963584975588990922e+00,6.600410888189166547e-01,7.347880794884118750e-16
5.961500579190127880e+00,6.786094932402413349e-01,7.347880794884118750e-16
5.959356456123639845e+00,6.971876568453356793e-01,7.347880794884118750e-16
5.957152670661472804e+00,7.157737480732848656e-01,7.347880794884118750e-16
5.954889287874428838e+00,7.343661002241158586e-01,7.347880794884118750e-16
5.952566373170594005e+00,7.529631949827857440e-01,7.347880794884118750e-16
5.950183991921460525e+00,7.715636475894822599e-01,7.347880794884118750e-16
5.947742209163284777e+00,7.901661934918789987e-01,7.347880794884118750e-16
5.945241089362719222e+00,8.087696763313918513e-01,7.347880794884118750e-16
5.942680696237170324e+00,8.273730371302269182e-01,7.347880794884118750e-16
5.940061092621503391e+00,8.459753045593206844e-01,7.347880794884118750e-16
5.937382340373815737e+00,8.645755861792232544e-01,7.347880794884118750e-16
5.934644500313966731e+00,8.831730605567540415e-01,7.347880794884118750e-16
5.931847632189358066e+00,9.017669701699585483e-01,7.347880794884118750e-16
5.928991794663247106e+00,9.203566150226170084e-01,7.347880794884118750e-16
5.926077045321504144e+00,9.389413468974233679e-01,7.347880794884118750e-16
5.923103440694304389e+00,9.575205641840224269e-01,7.347880794884118750e-16
5.920071036289749067e+00,9.760937072244740831e-01,7.347880794884118750e-16
5.916979886636857700e+00,9.946602541244302653e-01,7.347880794884118750e-16
5.913830045335755514e+00,1.013219716983487784e+00,7.347880794884118750e-16
5.910621565113198805e+00,1.031771638502822608e+00,7.347880794884118750e-16
5.907354497881907029e+00,1.050315588932395627e+00,7.347880794884118750e-16
5.904028894802379135e+00,1.068851163323780495e+00,7.347880794884118750e-16
5.900644806346133642e+00,1.087377979058064215e+00,7.347880794884118750e-16
5.897202282359463865e+00,1.105895673621313247e+00,7.347880794884118750e-16
5.893701372126979976e+00,1.124403902602862049e+00,7.347880794884118750e-16
5.890142124434362358e+00,1.142902337894123876e+00,7.347880794884118750e-16
5.886524587629817340e+00,1.161390666067887434e+00,7.347880794884118750e-16
5.882848809683903113e+00,1.179868586920036044e+00,7.347880794884118750e-16
5.879114838247417651e+00,1.198335812157443003e+00,7.347880794884118750e-16
5.875322720707133684e+00,1.216792064217431912e+00,7.347880794884118750e-16
5.871472504239243939e+00,1.235237075205621871e+00,7.347880794884118750e-16
5.867564235860401212e+00,1.253670585940322324e+00,7.347880794884118750e-16
5.863597962476301717e+00,1.272092345092823429e+00,7.347880794884118750e-16
5.859573730927798429e+00,1.290502108413961402e+00,7.347880794884118750e-16
5.855491588034523076e+00,1.308899638038354407e+00,7.347880794884118750e-16
5.851351580636082517e+00,1.327284701858507665e+00,7.347880794884118750e-16
5.847153755630841943e+00,1.345657072961811140e+00,7.347880794884118750e-16
5.842898160012389930e+00,1.364016529124127963e+00,7.347880794884118750e-16
5.838584840903733308e+00,1.382362852354303895e+00,7.347880794884118750e-16
5.834213845589317771e+00,1.400695828484510130e+00,7.347880794884118750e-16
5.829785221544957707e+00,1.419015246801812236e+00,7.347880794884118750e-16
5.825299016465775637e+00,1.437320899716856060e+00,7.347880794884118750e-16
5.820755278292228496e+00,1.455612582465938054e+00,7.347880794884118750e-16
5.816154055234342479e+00,1.473890092843124222e+00,7.347880794884118750e-16
5.811495395794220364e+00,1.492153230959401444e+00,7.347880794884118750e-16
5.806779348786944794e+00,1.510401799026162895e+00,7.347880794884118750e-16
5.802005963359952112e+00,1.528635601160574398e+00,7.347880794884118750e-16
5.797175289010976229e+00,1.546854443210643471e+00,7.347880794884118750e-16
5.792287375604635358e+00,1.565058132598009077e+00,7.347880794884118750e-16
5.787342273387772629e+00,1.583246478176675964e+00,7.347880794884118750e-16
5.782340033003601221e+00,1.601419290106095961e+00,7.347880794884118750e-16
5.777280705504749925e+00,1.619576379737164729e+00,7.347880794884118750e-16
5.772164342365277534e+00,1.637717559509825893e+00,7.347880794884118750e-16
5.766990995491727112e+00,1.655842642861131253e+00,7.347880794884118750e-16
5.761760717233281426e+00,1.673951444142698364e+00,7.347880794884118750e-16
5.756473560391086153e+00,1.692043778546633792e+00,7.347880794884118750e-16
5.751129578226804817e+00,1.710119462039064064e+00,7.347880794884118750e-16
5.745728824470443641e+00,1.728178311300512249e+00,7.347880794884118750e-16
5.740271353327524473e+00,1.746220143672438274e+00,7.347880794884118750e-16
5.734757219485622670e+00,1.764244777109322815e+00,7.347880794884118750e-16
5.729186478120350756e+00,1.782252030135731857e+00,7.347880794884118750e-16
5.723559184900792296e+00,1.800241721807874784e+00,7.347880794884118750e-16
5.717875395994466814e+00,1.818213671679190124e+00,7.347880794884118750e-16
5.712135168071825753e+00,1.836167699769565509e+00,7.347880794884118750e-16
5.706338558310335429e+00,1.854103626537829008e+00,7.347880794884118750e-16
5.700485624398173634e+00,1.872021272857166352e+00,7.347880794884118750e-16
5.694576424537572734e+00,1.889920459993191137e+00,7.347880794884118750e-16
5.688611017447826157e+00,1.907801009584387808e+00,7.347880794884118750e-16
5.682589462367998223e+00,1.925662743624695139e+00,7.347880794884118750e-16
5.676511819059349762e+00,1.943505484448013299e+00,7.347880794884118750e-16
5.670378147807514146e+00,1.961329054714436637e+00,7.347880794884118750e-16
5.664188509424421092e+00,1.979133277398050783e+00,7.347880794884118750e-16
5.657942965250019718e+00,1.996917975776124843e+00,7.347880794884118750e-16
5.651641577153784013e+00,2.014682973419561929e+00,7.347880794884118750e-16
5.645284407536047766e+00,2.032428094184483669e+00,7.347880794884118750e-16
5.638871519329157422e+00,2.050153162204834345e+00,7.347880794884118750e-16
5.632402975998474837e+00,2.067858001885895192e+00,7.347880794884118750e-16
5.625878841543233477e+00,2.085542437898630475e+00,7.347880794884118750e-16
5.619299180497263180e+00,2.103206295174771867e+00,7.347880794884118750e-16
5.612664057929589667e+00,2.120849398902560523e+00,7.347880794884118750e-16
5.605973539444926601e+00,2.138471574523103325e+00,7.347880794884118750e-16
5.599227691184060163e+00,2.156072647727253599e+00,7.347880794884118750e-16
5.592426579824143928e+00,2.173652444452983001e+00,7.347880794884118750e-16
5.585570272578895157e+00,2.191210790883186377e+00,7.347880794884118750e-16
5.578658837198728904e+00,2.208747513443880983e+00,7.347880794884118750e-16
5.571692341970796214e+00,2.226262438802753429e+00,7.347880794884118750e-16
5.564670855718975240e+00,2.243755393868022807e+00,7.347880794884118750e-16
5.557594447803783311e+00,2.261226205787593813e+00,7.347880794884118750e-16
5.550463188122241043e+00,2.278674701948456782e+00,7.347880794884118750e-16
5.543277147107676939e+00,2.296100709976324872e+00,7.347880794884118750e-16
5.536036395729485804e+00,2.313504057735468855e+00,7.347880794884118750e-16
5.528741005492848082e+00,2.330884573328747322e+00,7.347880794884118750e-16
5.521391048438388793e+00,2.348242085097792753e+00,7.347880794884118750e-16
5.513986597141822266e+00,2.365576421623353021e+00,7.347880794884118750e-16
5.506527724713539129e+00,2.382887411725769233e+00,7.347880794884118750e-16
5.499014504798174663e+00,2.400174884465565039e+00,7.347880794884118750e-16
5.491447011574139836e+00,2.417438669144152286e+00,7.347880794884118750e-16
5.483825319753126593e+00,2.434678595304628601e+00,7.347880794884118750e-16
5.476149504579583827e+00,2.451894492732665132e+00,7.347880794884118750e-16
5.468419641830173816e+00,2.469086191457469326e+00,7.347880794884118750e-16
5.460635807813198461e+00,2.486253521752818774e+00,7.347880794884118750e-16
5.452798079368013084e+00,2.503396314138157219e+00,7.347880794884118750e-16
5.444906533864411813e+00,2.520514399379746528e+00,7.347880794884118750e-16
5.436961249201999635e+00,2.537607608491871058e+00,7.347880794884118750e-16
5.428962303809549361e+00,2.554675772738081552e+00,7.347880794884118750e-16
5.420909776644331934e+00,2.571718723632484771e+00,7.347880794884118750e-16
5.412803747191447634e+00,2.588736292941060668e+00,7.347880794884118750e-16
5.404644295463124415e+00,2.605728312683022185e+00,7.347880794884118750e-16
5.396431501998016245e+00,2.622694615132199925e+00,7.347880794884118750e-16
5.388165447860485457e+00,2.639635032818441474e+00,7.347880794884118750e-16
5.379846214639870006e+00,2.656549398529050698e+00,7.347880794884118750e-16
5.371473884449741831e+00,2.673437545310232366e+00,7.347880794884118750e-16
5.363048539927152802e+00,2.690299306468564300e+00,7.347880794884118750e-16
5.354570264231870880e+00,2.707134515572477973e+00,7.347880794884118750e-16
5.346039141045610066e+00,2.723943006453754201e+00,7.347880794884118750e-16
5.337455254571242591e+00,2.740724613209037930e+00,7.347880794884118750e-16
5.328818689532011099e+00,2.757479170201352581e+00,7.347880794884118750e-16
5.320129531170723070e+00,2.774206512061635266e+00,7.347880794884118750e-16
5.311387865248947904e+00,2.790906473690264455e+00,7.347880794884118750e-16
5.302593778046192696e+00,2.807578890258616067e+00,7.347880794884118750e-16
5.293747356359084222e+00,2.824223597210603565e+00,7.347880794884118750e-16
5.284848687500533160e+00,2.840840430264236272e+00,7.347880794884118750e-16
5.275897859298890324e+00,2.857429225413183449e+00,7.347880794884118750e-16
5.266894960097108225e+00,2.873989818928328610e+00,7.347880794884118750e-16
5.257840078751876867e+00,2.890522047359343816e+00,7.347880794884118750e-16
5.248733304632777319e+00,2.907025747536248428e+00,7.347880794884118750e-16
5.239574727621398864e+00,2.923500756570989179e+00,7.347880794884118750e-16
5.230364438110474801e+00,2.939946911859004697e+00,7.347880794884118750e-16
5.221102527003003146e+00,2.956364051080797140e+00,7.347880794884118750e-16
5.211789085711352243e+00,2.972752012203510930e+00,7.347880794884118750e-16
5.202424206156379682e+00,2.989110633482501278e+00,7.347880794884118750e-16
5.193007980766526366e+00,3.005439753462904484e+00,7.347880794884118750e-16
5.183540502476915890e+00,3.021739210981213564e+00,7.347880794884118750e-16
5.174021864728442388e+00,3.038008845166849436e+00,7.347880794884118750e-16
5.164452161466858371e+00,3.054248495443729894e+00,7.347880794884118750e-16
5.154831487141851909e+00,3.070458001531843006e+00,7.347880794884118750e-16
5.145159936706121151e+00,3.086637203448805877e+00,7.347880794884118750e-16
5.135437605614438183e+00,3.102785941511441159e+00,7.347880794884118750e-16
5.125664589822719108e+00,3.118904056337336250e+00,7.347880794884118750e-16
5.115840985787076356e+00,3.134991388846405602e+00,7.347880794884118750e-16
5.105966890462866559e+00,3.151047780262458353e+00,7.347880794884118750e-16
5.096042401303745528e+00,3.167073072114748644e+00,7.347880794884118750e-16
5.086067616260706359e+00,3.183067106239537036e+00,7.347880794884118750e-16
5.076042633781112201e+00,3.199029724781642159e+00,7.347880794884118750e-16
5.065967552807730812e+00,3.214960770195997686e+00,7.347880794884118750e-16
5.055842472777761110e+00,3.230860085249198654e+00,7.347880794884118750e-16
5.045667493621849076e+00,3.246727513021044231e+00,7.347880794884118750e-16
5.035442715763107202e+00,3.262562896906090693e+00,7.347880794884118750e-16
5.025168240116126839e+00,3.278366080615188416e+00,7.347880794884118750e-16
5.014844168085978993e+00,3.294136908177017986e+00,7.347880794884118750e-16
5.004470601567217791e+00,3.309875223939635180e+00,7.347880794884118750e-16
4.994047642942875953e+00,3.325580872571993751e+00,7.347880794884118750e-16
4.983575395083453152e+00,3.341253699065487304e+00,7.347880794884118750e-16
4.973053961345906160e+00,3.356893548735465416e+00,7.347880794884118750e-16
4.962483445572626550e+00,3.372500267222766190e+00,7.347880794884118750e-16
4.951863952090416632e+00,3.388073700495235485e+00,7.347880794884118750e-16
4.941195585709462712e+00,3.403613694849243476e+00,7.347880794884118750e-16
4.930478451722299482e+00,3.419120096911203888e+00,7.347880794884118750e-16
4.919712655902771736e+00,3.434592753639083007e+00,7.347880794884118750e-16
4.908898304504990762e+00,3.450031512323913141e+00,7.347880794884118750e-16
4.898035504262288065e+00,3.465436220591294081e+00,7.347880794884118750e-16
4.887124362386160215e+00,3.480806726402899898e+00,7.347880794884118750e-16
4.876164986565211024e+00,3.496142878057974190e+00,7.347880794884118750e-16
4.865157484964092838e+00,3.511444524194831551e+00,7.347880794884118750e-16
4.854101966222433617e+00,3.526711513792347041e+00,7.347880794884118750e-16
4.842998539453770235e+00,3.541943696171446110e+00,7.347880794884118750e-16
4.831847314244469338e+00,3.557140920996595845e+00,7.347880794884118750e-16
4.820648400652644661e+00,3.572303038277282461e+00,7.347880794884118750e-16
4.809401909207073444e+00,3.587429898369493664e+00,7.347880794884118750e-16
4.798107950906107533e+00,3.602521351977195252e+00,7.347880794884118750e-16
4.786766637216572029e+00,3.617577250153803270e+00,7.347880794884118750e-16
4.775378080072670173e+00,3.632597444303656609e+00,7.347880794884118750e-16
4.763942391874881110e+00,3.647581786183477170e+00,7.347880794884118750e-16
4.752459685488839902e+00,3.662530127903839805e+00,7.347880794884118750e-16
4.740930074244236181e+00,3.677442321930629365e+00,7.347880794884118750e-16
4.729353671933688830e+00,3.692318221086494212e+00,7.347880794884118750e-16
4.717730592811625989e+00,3.707157678552298385e+00,7.347880794884118750e-16
4.706060951593152630e+00,3.721960547868575997e+00,7.347880794884118750e-16
4.694344863452926120e+00,3.736726682936969191e+00,7.347880794884118750e-16
4.682582444024014023e+00,3.751455938021675873e+00,7.347880794884118750e-16
4.670773809396752796e+00,3.766148167750885456e+00,7.347880794884118750e-16
4.658919076117603808e+00,3.780803227118213261e+00,7.347880794884118750e-16
4.647018361188005819e+00,3.795420971484130934e+00,7.347880794884118750e-16
4.635071782063214130e+00,3.810001256577395523e+00,7.347880794884118750e-16
4.623079456651148611e+00,3.824543938496474560e+00,7.347880794884118750e-16
4.611041503311219536e+00,3.839048873710962262e+00,7.347880794884118750e-16
4.598958040853172946e+00,3.853515919062998840e+00,7.347880794884118750e-16
4.586829188535906709e+00,3.867944931768682260e+00,7.347880794884118750e-16
4.574655066066300790e+00,3.882335769419477778e+00,7.347880794884118750e-16
4.562435793598029754e+00,3.896688289983625708e+00,7.347880794884118750e-16
4.550171491730383266e+00,3.911002351807538524e+00,7.347880794884118750e-16
4.537862281507072382e+00,3.925277813617199740e+00,7.347880794884118750e-16
4.525508284415034943e+00,3.939514534519562350e+00,7.347880794884118750e-16
4.513109622383235653e+00,3.953712374003937047e+00,7.347880794884118750e-16
4.500666417781464368e+00,3.967871191943377784e+00,7.347880794884118750e-16
4.488178793419128176e+00,3.981990848596066446e+00,7.347880794884118750e-16
4.475646872544039923e+00,3.996071204606689520e+00,7.347880794884118750e-16
4.463070778841198738e+00,4.010112121007817443e+00,7.347880794884118750e-16
4.450450636431575901e+00,4.024113459221270617e+00,7.347880794884118750e-16
4.437786569870882936e+00,4.038075081059491644e+00,7.347880794884118750e-16
4.425078704148343256e+00,4.051996848726910905e+00,7.347880794884118750e-16
4.412327164685463821e+00,4.065878624821298359e+00,7.347880794884118750e-16
4.399532077334790792e+00,4.079720272335128683e+00,7.347880794884118750e-16
4.386693568378671415e+00,4.093521654656928632e+00,7.347880794884118750e-16
4.373811764528005241e+00,4.107282635572626184e+00,7.347880794884118750e-16
4.360886792920998012e+00,4.121003079266892577e+00,7.347880794884118750e-16
4.347918781121903109e+00,4.134682850324487013e+00,7.347880794884118750e-16
4.334907857119758567e+00,4.148321813731594254e+00,7.347880794884118750e-16
4.321854149327133854e+00,4.161919834877149782e+00,7.347880794884118750e-16
4.308757786578855331e+00,4.175476779554172957e+00,7.347880794884118750e-16
4.295618898130737051e+00,4.188992513961093067e+00,7.347880794884118750e-16
4.282437613658301778e+00,4.202466904703068273e+00,7.347880794884118750e-16
4.269214063255509117e+00,4.215899818793301002e+00,7.347880794884118750e-16
4.255948377433460550e+00,4.229291123654352447e+00,7.347880794884118750e-16
4.242640687119121345e+00,4.242640687119449083e+00,7.347880794884118750e-16
4.229291123654022044e+00,4.255948377433788288e+00,7.347880794884118750e-16
4.215899818792964382e+00,4.269214063255841296e+00,7.347880794884118750e-16
4.202466904702720996e+00,4.282437613658641951e+00,7.347880794884118750e-16
4.188992513960730690e+00,4.295618898131088770e+00,7.347880794884118750e-16
4.175476779553791040e+00,4.308757786579224813e+00,7.347880794884118750e-16
4.161919834876744773e+00,4.321854149327522876e+00,7.347880794884118750e-16
4.148321813731161711e+00,4.334907857120171570e+00,7.347880794884118750e-16
4.134682850324022496e+00,4.347918781122344534e+00,7.347880794884118750e-16
4.121003079266387203e+00,4.360886792921474964e+00,7.347880794884118750e-16
4.107282635572077290e+00,4.373811764528520385e+00,7.347880794884118750e-16
4.093521654656330000e+00,4.386693568379230079e+00,7.347880794884118750e-16
4.079720272334471431e+00,4.399532077335400970e+00,7.347880794884118750e-16
4.065878624820573606e+00,4.412327164686131731e+00,7.347880794884118750e-16
4.051996848726112432e+00,4.425078704149075115e+00,7.347880794884118750e-16
4.038075081058609683e+00,4.437786569871684961e+00,7.347880794884118750e-16
4.024113459220293620e+00,4.450450636432459639e+00,7.347880794884118750e-16
4.010112121006733865e+00,4.463070778842172182e+00,7.347880794884118750e-16
3.996071204605487814e+00,4.475646872545111954e+00,7.347880794884118750e-16
3.981990848594731958e+00,4.488178793420312118e+00,7.347880794884118750e-16
3.967871191941894971e+00,4.500666417782771767e+00,7.347880794884118750e-16
3.953712374002288144e+00,4.513109622384680719e+00,7.347880794884118750e-16
3.939514534517728706e+00,4.525508284416631888e+00,7.347880794884118750e-16
3.925277813615156930e+00,4.537862281508839857e+00,7.347880794884118750e-16
3.911002351805263899e+00,4.550171491732339035e+00,7.347880794884118750e-16
3.896688289981093956e+00,4.562435793600192468e+00,7.347880794884118750e-16
3.882335769416659588e+00,4.574655066068692655e+00,7.347880794884118750e-16
3.867944931765541661e+00,4.586829188538554369e+00,7.347880794884118750e-16
3.853515919059501194e+00,4.598958040856103047e+00,7.347880794884118750e-16
3.839048873707066267e+00,4.611041503314463164e+00,7.347880794884118750e-16
3.824543938492134920e+00,4.623079456654737740e+00,7.347880794884118750e-16
3.810001256572561168e+00,4.635071782067188728e+00,7.347880794884118750e-16
3.795420971478745464e+00,4.647018361192404079e+00,7.347880794884118750e-16
3.780803227112214060e+00,4.658919076122471914e+00,7.347880794884118750e-16
3.766148167744203690e+00,4.670773809402140486e+00,7.347880794884118750e-16
3.751455938014232494e+00,4.682582444029977253e+00,7.347880794884118750e-16
3.736726682928677157e+00,4.694344863459527062e+00,7.347880794884118750e-16
3.721960547859339385e+00,4.706060951600457898e+00,7.347880794884118750e-16
3.707157678542009727e+00,4.717730592819710189e+00,7.347880794884118750e-16
3.692318221075034046e+00,4.729353671942636339e+00,7.347880794884118750e-16
3.677442321917864909e+00,4.740930074254137594e+00,7.347880794884118750e-16
3.662530127889621845e+00,4.752459685499796471e+00,7.347880794884118750e-16
3.647581786167640061e+00,4.763942391887006522e+00,7.347880794884118750e-16
3.632597444286017385e+00,4.775378080086088772e+00,7.347880794884118750e-16
3.617577250134158096e+00,4.786766637231418819e+00,7.347880794884118750e-16
3.602521351955314977e+00,4.798107950922535281e+00,7.347880794884118750e-16
3.587429898345124712e+00,4.809401909225250904e+00,7.347880794884118750e-16
3.572303038250142393e+00,4.820648400672756573e+00,7.347880794884118750e-16
3.557140920966369357e+00,4.831847314266721760e+00,7.347880794884118750e-16
3.541943696137781927e+00,4.842998539478391429e+00,7.347880794884118750e-16
3.526711513754854366e+00,4.854101966249673161e+00,7.347880794884118750e-16
3.511444524153077396e+00,4.865157484994229620e+00,7.347880794884118750e-16
3.496142878011474053e+00,4.876164986598551465e+00,7.347880794884118750e-16
3.480806726351115099e+00,4.887124362423042712e+00,7.347880794884118750e-16
3.465436220533625100e+00,4.898035504303090093e+00,7.347880794884118750e-16
3.450031512259692068e+00,4.908898304550126213e+00,7.347880794884118750e-16
3.434592753567566881e+00,4.919712655952698910e+00,7.347880794884118750e-16
3.419120096831565370e+00,4.930478451777525528e+00,7.347880794884118750e-16
3.403613694760562414e+00,4.941195585770548071e+00,7.347880794884118750e-16
3.388073700396486920e+00,4.951863952157980364e+00,7.347880794884118750e-16
3.372500267112809702e+00,4.962483445647353442e+00,7.347880794884118750e-16
3.356893548613028688e+00,4.973053961428552938e+00,7.347880794884118750e-16
3.341253698929155469e+00,4.983575395174857370e+00,7.347880794884118750e-16
3.325580872420193401e+00,4.994047643043961315e+00,7.347880794884118750e-16
3.309875223770610830e+00,5.004470601679007480e+00,7.347880794884118750e-16
3.294136907988821417e+00,5.014844168209600994e+00,7.347880794884118750e-16
3.278366080405645810e+00,5.025168240252829044e+00,7.347880794884118750e-16
3.262562896672787538e+00,5.035442715914268952e+00,7.347880794884118750e-16
3.246727512761288459e+00,5.045667493788992708e+00,7.347880794884118750e-16
3.230860084959996215e+00,5.055842472962570611e+00,7.347880794884118750e-16
3.214960769874015689e+00,5.065967553012067803e+00,7.347880794884118750e-16
3.199029724423168908e+00,5.076042634007030152e+00,7.347880794884118750e-16
3.183067105840442501e+00,5.086067616510475453e+00,7.347880794884118750e-16
3.167073071670437390e+00,5.096042401579874870e+00,7.347880794884118750e-16
3.151047779767814028e+00,5.105966890768126376e+00,7.347880794884118750e-16
3.134991388295734538e+00,5.115840986124528200e+00,7.347880794884118750e-16
3.118904055724299518e+00,5.125664590195745163e+00,7.347880794884118750e-16
3.102785940828986622e+00,5.135437606026771462e+00,7.347880794884118750e-16
3.086637202689082926e+00,5.145159937161886354e+00,7.347880794884118750e-16
3.070458000686115518e+00,5.154831487645607169e+00,7.347880794884118750e-16
3.054248494502274536e+00,5.164452162023634330e+00,7.347880794884118750e-16
3.038008844118842866e+00,5.174021865343796378e+00,7.347880794884118750e-16
3.021739209814613858e+00,5.183540503156983448e+00,7.347880794884118750e-16
3.005439752164309475e+00,5.193007981518084293e+00,7.347880794884118750e-16
2.989110632036996229e+00,5.202424206986910882e+00,7.347880794884118750e-16
2.972752010594497563e+00,5.211789086629117662e+00,7.347880794884118750e-16
2.956364049289803120e+00,5.221102528017123490e+00,7.347880794884118750e-16
2.939946909865474023e+00,5.230364439231022899e+00,7.347880794884118750e-16
2.923500754352049480e+00,5.239574728859489383e+00,7.347880794884118750e-16
2.907025745066444511e+00,5.248733306000684884e+00,7.347880794884118750e-16
2.890522044610349450e+00,5.257840080263149751e+00,7.347880794884118750e-16
2.873989815868625453e+00,5.266894961766697136e+00,7.347880794884118750e-16
2.857429222007695113e+00,5.275897861143304723e+00,7.347880794884118750e-16
2.840840426473934421e+00,5.284848689537988697e+00,7.347880794884118750e-16
2.824223592992058052e+00,5.293747358609686593e+00,7.347880794884118750e-16
2.807578885563503768e+00,5.302593780532126821e+00,7.347880794884118750e-16
2.790906468464815049e+00,5.311387867994697309e+00,7.347880794884118750e-16
2.774206506246016612e+00,5.320129534203304367e+00,7.347880794884118750e-16
2.757479163728993932e+00,5.328818692881232444e+00,7.347880794884118750e-16
2.740724606005865205e+00,5.337455258269992342e+00,7.347880794884118750e-16
2.723942998437350216e+00,5.346039145130172088e+00,7.347880794884118750e-16
2.707134506651140526e+00,5.354570268742271821e+00,7.347880794884118750e-16
2.690299296540265228e+00,5.363048544907546678e+00,7.347880794884118750e-16
2.673437534261450477e+00,5.371473889948833680e+00,7.347880794884118750e-16
2.656549386233483467e+00,5.379846220711378635e+00,7.347880794884118750e-16
2.639635019135566196e+00,5.388165454563656809e+00,7.347880794884118750e-16
2.622694599905673662e+00,5.396431509398189164e+00,7.347880794884118750e-16
2.605728295738904965e+00,5.404644303632350599e+00,7.347880794884118750e-16
2.588736274085832623e+00,5.412803756209179085e+00,7.347880794884118750e-16
2.571718702650850119e+00,5.420909786598171465e+00,7.347880794884118750e-16
2.554675749390516781e+00,5.428962314796079269e+00,7.347880794884118750e-16
2.537607582511902216e+00,5.436961261327700967e+00,7.347880794884118750e-16
2.520514370470920973e+00,5.444906547246662676e+00,7.347880794884118750e-16
2.503396281970676540e+00,5.452798094136201534e+00,7.347880794884118750e-16
2.486253485959790677e+00,5.460635824109935754e+00,7.347880794884118750e-16
2.469086151630739412e+00,5.468419659812632005e+00,7.347880794884118750e-16
2.451894448418182382e+00,5.476149524420977244e+00,7.347880794884118750e-16
2.434678545997289056e+00,5.483825341644327445e+00,7.347880794884118750e-16
2.417438614282066300e+00,5.491447035725465220e+00,7.347880794884118750e-16
2.400174823423680159e+00,5.499014531441347664e+00,7.347880794884118750e-16
2.382887343808776759e+00,5.506527754103847094e+00,7.347880794884118750e-16
2.365576346057800095e+00,5.513986629560487351e+00,7.347880794884118750e-16
2.348242001023309822e+00,5.521391084195181875e+00,7.347880794884118750e-16
2.330884479788293273e+00,5.528741044928950465e+00,7.347880794884118750e-16
2.313503953664477031e+00,5.536036439220648475e+00,7.347880794884118750e-16
2.296100594190637612e+00,5.543277195067680019e+00,7.347880794884118750e-16
2.278674573130906822e+00,5.550463241006706738e+00,7.347880794884118750e-16
2.261226062473077558e+00,5.557594506114358346e+00,7.347880794884118750e-16
2.243755234426905165e+00,5.564670920007926291e+00,7.347880794884118750e-16
2.226262261422410127e+00,5.571692412846061870e+00,7.347880794884118750e-16
2.208747316108172765e+00,5.578658915329466339e+00,7.347880794884118750e-16
2.191210571349633263e+00,5.585570358701572147e+00,7.347880794884118750e-16
2.173652200227381925e+00,5.592426674749223281e+00,7.347880794884118750e-16
2.156072376035452987e+00,5.599227795803349395e+00,7.347880794884118750e-16
2.138471272279614421e+00,5.605973654739630163e+00,7.347880794884118750e-16
2.120849062675654206e+00,5.612664184979161419e+00,7.347880794884118750e-16
2.103205921147666579e+00,5.619299320489111516e+00,7.347880794884118750e-16
2.085542021826336079e+00,5.625878995783372361e+00,7.347880794884118750e-16
2.067857539047217141e+00,5.632403145923202459e+00,7.347880794884118750e-16
2.050152647349015922e+00,5.638871706517876170e+00,7.347880794884118750e-16
2.032427521471865894e+00,5.645284613725310763e+00,7.347880794884118750e-16
2.014682336355602565e+00,5.651641804252701462e+00,7.347880794884118750e-16
1.996917267138039520e+00,5.657943215357144950e+00,7.347880794884118750e-16
1.979132489153238694e+00,5.664188784846255764e+00,7.347880794884118750e-16
1.961328177929777317e+00,5.670378451078787130e+00,7.347880794884118750e-16
1.943504509189020180e+00,5.676512152965229596e+00,7.347880794884118750e-16
1.925661658843381918e+00,5.682589829968422990e+00,7.347880794884118750e-16
1.907799802994591731e+00,5.688611422104149717e+00,7.347880794884118750e-16
1.889919117931956105e+00,5.694576869941725406e+00,7.347880794884118750e-16
1.872019780130617761e+00,5.700486114604588650e+00,7.347880794884118750e-16
1.854101966249814382e+00,5.706339097770879221e+00,7.347880794884118750e-16
1.836165853131135339e+00,5.712135761674018042e+00,7.347880794884118750e-16
1.818211617796776203e+00,5.717876049103270297e+00,7.347880794884118750e-16
1.800239437447791024e+00,5.723559903404319193e+00,7.347880794884118750e-16
1.782249489462344405e+00,5.729187268479815742e+00,7.347880794884118750e-16
1.764241951393959784e+00,5.734758088789938313e+00,7.347880794884118750e-16
1.746217000969768396e+00,5.740272309352941527e+00,7.347880794884118750e-16
1.728174816088753785e+00,5.745729875745691828e+00,7.347880794884118750e-16
1.710115574819996542e+00,5.751130734104213715e+00,7.347880794884118750e-16
1.692039455400917713e+00,5.756474831124215541e+00,7.347880794884118750e-16
1.673946636235517982e+00,5.761762114061617090e+00,7.347880794884118750e-16
1.655837295892617966e+00,5.766992530733070055e+00,7.347880794884118750e-16
1.637711613104096298e+00,5.772166029516474062e+00,7.347880794884118750e-16
1.619569766763124141e+00,5.777282559351484714e+00,7.347880794884118750e-16
1.601411935922401053e+00,5.782342069740018076e+00,7.347880794884118750e-16
1.583238299792386172e+00,5.787344510746748050e+00,7.347880794884118750e-16
1.565049037739531634e+00,5.792289832999602872e+00,7.347880794884118750e-16
1.546844329284510433e+00,5.797177987690248280e+00,7.347880794884118750e-16
1.528624354100445615e+00,5.802008926574569792e+00,7.347880794884118750e-16
1.510389292011136142e+00,5.806782601973152325e+00,7.347880794884118750e-16
1.492139322989283645e+00,5.811498966771747376e+00,7.347880794884118750e-16
1.473874627154714290e+00,5.816157974421736654e+00,7.347880794884118750e-16
1.455595384772602197e+00,5.820759578940595702e+00,7.347880794884118750e-16
1.437301776251689756e+00,5.825303734912346876e+00,7.347880794884118750e-16
1.418993982142508159e+00,5.829790397488004317e+00,7.347880794884118750e-16
1.400672183135593718e+00,5.834219522386020707e+00,7.347880794884118750e-16
1.382336560059706176e+00,5.838591065892721588e+00,7.347880794884118750e-16
1.363987293880042362e+00,5.842904984862735240e+00,7.347880794884118750e-16
1.345624565696452279e+00,5.847161236719424338e+00,7.347880794884118750e-16
1.327248556741648988e+00,5.851359779455302501e+00,7.347880794884118750e-16
1.308859448379422918e+00,5.855500571632446416e+00,7.347880794884118750e-16
1.290457422102849083e+00,5.859583572382909722e+00,7.347880794884118750e-16
1.272042659532497844e+00,5.863608741409123581e+00,7.347880794884118750e-16
1.253615342414641454e+00,5.867576038984294584e+00,7.347880794884118750e-16
1.235175652619460607e+00,5.871485425952796433e+00,7.347880794884118750e-16
1.216723772139248760e+00,5.875336863730558079e+00,7.347880794884118750e-16
1.198259883086617350e+00,5.879130314305445637e+00,7.347880794884118750e-16
1.179784167692696784e+00,5.882865740237630980e+00,7.347880794884118750e-16
1.161296808305339212e+00,5.886543104659969217e+00,7.347880794884118750e-16
1.142797987387318415e+00,5.890162371278358400e+00,7.347880794884118750e-16
1.124287887514527906e+00,5.893723504372097466e+00,7.347880794884118750e-16
1.105766691374181265e+00,5.897226468794240617e+00,7.347880794884118750e-16
1.087234581763006913e+00,5.900671229971944598e+00,7.347880794884118750e-16
1.068691741585444888e+00,5.904057753906805317e+00,7.347880794884118750e-16
1.050138353851841622e+00,5.907386007175199794e+00,7.347880794884118750e-16
1.031574601676643832e+00,5.910655956928611232e+00,7.347880794884118750e-16
1.013000668276591076e+00,5.913867570893955872e+00,7.347880794884118750e-16
9.944167369689072000e-01,5.917020817373900954e+00,7.347880794884118750e-16
9.758229911694917824e-01,5.920115665247177361e+00,7.347880794884118750e-16
9.572196143911093635e-01,5.923152083968884263e+00,7.347880794884118750e-16
9.386067902415780040e-01,5.926130043570795536e+00,7.347880794884118750e-16
9.199847024219578451e-01,5.929049514661652864e+00,7.347880794884118750e-16
9.013535347247376706e-01,5.931910468427454397e+00,7.347880794884118750e-16
8.827134710320209132e-01,5.934712876631741629e+00,7.347880794884118750e-16
8.640646953137107733e-01,5.937456711615876515e+00,7.347880794884118750e-16
8.454073916256950039e-01,5.940141946299316800e+00,7.347880794884118750e-16
8.267417441080286977e-01,5.942768554179878926e+00,7.347880794884118750e-16
8.080679369831171854e-01,5.945336509334004482e+00,7.347880794884118750e-16
7.893861545538978230e-01,5.947845786417012448e+00,7.347880794884118750e-16
7.706965812020212248e-01,5.950296360663350548e+00,7.347880794884118750e-16
7.519994013860307192e-01,5.952688207886841276e+00,7.347880794884118750e-16
7.332947996395431378e-01,5.955021304480917266e+00,7.347880794884118750e-16
7.145829605694262732e-01,5.957295627418856654e+00,7.347880794884118750e-16
6.958640688539772245e-01,5.959511154254012233e+00,7.347880794884118750e-16
6.771383092411004112e-01,5.961667863120026389e+00,7.347880794884118750e-16
6.584058665464831428e-01,5.963765732731054925e+00,7.347880794884118750e-16
6.396669256517721891e-01,5.965804742381970449e+00,7.347880794884118750e-16
6.209216715027491285e-01,5.967784871948571990e+00,7.347880794884118750e-16
6.021702891075044750e-01,5.969706101887778615e+00,7.347880794884118750e-16
5.834129635346124720e-01,5.971568413237828388e+00,7.347880794884118750e-16
5.646498799113035538e-01,5.973371787618459550e+00,7.347880794884118750e-16
5.458812234216384729e-01,5.975116207231094378e+00,7.347880794884118750e-16
5.271071793046792076e-01,5.976801654859015045e+00,7.347880794884118750e-16
5.083279328526619789e-01,5.978428113867535920e+00,7.347880794884118750e-16
4.895436694091679364e-01,5.979995568204161671e+00,7.347880794884118750e-16
4.707545743672935101e-01,5.981504002398750686e+00,7.347880794884118750e-16
4.519608331678214297e-01,5.982953401563666063e+00,7.347880794884118750e-16
4.331626312973898552e-01,5.984343751393925714e+00,7.347880794884118750e-16
4.143601542866623411e-01,5.985675038167335593e+00,7.347880794884118750e-16
3.955535877084958574e-01,5.986947248744633576e+00,7.347880794884118750e-16
3.767431171761101982e-01,5.988160370569614699e+00,7.347880794884118750e-16
3.579289283412553369e-01,5.989314391669257276e+00,7.347880794884118750e-16
3.391112068923795020e-01,5.990409300653836588e+00,7.347880794884118750e-16
3.202901385527964218e-01,5.991445086717046564e+00,7.347880794884118750e-16
3.014659090788521789e-01,5.992421739636093037e+00,7.347880794884118750e-16
2.826387042580919551e-01,5.993339249771809207e+00,7.347880794884118750e-16
2.638087099074266639e-01,5.994197608068738248e+00,7.347880794884118750e-16
2.449761118712984187e-01,5.994996806055230998e+00,7.347880794884118750e-16
2.261410960198468323e-01,5.995736835843526791e+00,7.347880794884118750e-16
2.073038482470744293e-01,5.996417690129828948e+00,7.347880794884118750e-16
1.884645544690117802e-01,5.997039362194382051e+00,7.347880794884118750e-16
1.696234006218827473e-01,5.997601845901532336e+00,7.347880794884118750e-16
1.507805726602692853e-01,5.998105135699793422e+00,7.347880794884118750e-16
1.319362565552762434e-01,5.998549226621898711e+00,7.347880794884118750e-16
1.130906382926958331e-01,5.998934114284849350e+00,7.347880794884118750e-16
9.424390387117201340e-02,5.999259794889959529e+00,7.347880794884118750e-16
7.539623930036479238e-02,5.999526265222893784e+00,7.347880794884118750e-16
5.654783059911437648e-02,5.999733522653696305e+00,7.347880794884118750e-16
3.769886379360522233e-02,5.999881565136821138e+00,7.347880794884118750e-16
1.884952491553007134e-02,5.999970391211148169e+00,7.347880794884118750e-16
2.538656376940241021e-13,6.000000000000000000e+00,7.347880794884118750e-16
-1.884952491502234206e-02,5.999970391211149945e+00,7.347880794884118750e-16
-3.769886379309750346e-02,5.999881565136824690e+00,7.347880794884118750e-16
-5.654783059860667149e-02,5.999733522653700746e+00,7.347880794884118750e-16
-7.539623929985711515e-02,5.999526265222900001e+00,7.347880794884118750e-16
-9.424390387066436392e-02,5.999259794889967523e+00,7.347880794884118750e-16
-1.130906382921881975e-01,5.998934114284859120e+00,7.347880794884118750e-16
-1.319362565547686494e-01,5.998549226621910258e+00,7.347880794884118750e-16
-1.507805726597617191e-01,5.998105135699805857e+00,7.347880794884118750e-16
-1.696234006213752088e-01,5.997601845901546547e+00,7.347880794884118750e-16
-1.884645544685042973e-01,5.997039362194398038e+00,7.347880794884118750e-16
-2.073038482465670018e-01,5.996417690129846711e+00,7.347880794884118750e-16
-2.261410960193394604e-01,5.995736835843546331e+00,7.347880794884118750e-16
-2.449761118707911023e-01,5.994996806055251426e+00,7.347880794884118750e-16
-2.638087099069194030e-01,5.994197608068760452e+00,7.347880794884118750e-16
-2.826387042575848052e-01,5.993339249771832300e+00,7.347880794884118750e-16
-3.014659090783450290e-01,5.992421739636118794e+00,7.347880794884118750e-16
-3.202901385522893829e-01,5.991445086717073210e+00,7.347880794884118750e-16
-3.391112068918726297e-01,5.990409300653865898e+00,7.347880794884118750e-16
-3.579289283407485200e-01,5.989314391669287474e+00,7.347880794884118750e-16
-3.767431171756034924e-01,5.988160370569646673e+00,7.347880794884118750e-16
-3.955535877079892626e-01,5.986947248744666439e+00,7.347880794884118750e-16
-4.143601542861558018e-01,5.985675038167370232e+00,7.347880794884118750e-16
-4.331626312968834824e-01,5.984343751393962130e+00,7.347880794884118750e-16
-4.519608331673151680e-01,5.982953401563705143e+00,7.347880794884118750e-16
-4.707545743667873595e-01,5.981504002398789765e+00,7.347880794884118750e-16
-4.895436694086618967e-01,5.979995568204202527e+00,7.347880794884118750e-16
-5.083279328521561613e-01,5.978428113867578553e+00,7.347880794884118750e-16
-5.271071793041735010e-01,5.976801654859059454e+00,7.347880794884118750e-16
-5.458812234211327663e-01,5.975116207231140564e+00,7.347880794884118750e-16
-5.646498799107980693e-01,5.973371787618507511e+00,7.347880794884118750e-16
-5.834129635341070985e-01,5.971568413237878126e+00,7.347880794884118750e-16
-6.021702891069994346e-01,5.969706101887830130e+00,7.347880794884118750e-16
-6.209216715022440880e-01,5.967784871948624392e+00,7.347880794884118750e-16
-6.396669256512673707e-01,5.965804742382024628e+00,7.347880794884118750e-16
-6.584058665459784354e-01,5.963765732731109992e+00,7.347880794884118750e-16
-6.771383092405959259e-01,5.961667863120084121e+00,7.347880794884118750e-16
-6.958640688534729613e-01,5.959511154254070853e+00,7.347880794884118750e-16
-7.145829605689221209e-01,5.957295627418917050e+00,7.347880794884118750e-16
-7.332947996390392076e-01,5.955021304480979438e+00,7.347880794884118750e-16
-7.519994013855271220e-01,5.952688207886904337e+00,7.347880794884118750e-16
-7.706965812015176276e-01,5.950296360663416273e+00,7.347880794884118750e-16
-7.893861545533944479e-01,5.947845786417079950e+00,7.347880794884118750e-16
-8.080679369826141434e-01,5.945336509334072872e+00,7.347880794884118750e-16
-8.267417441075258777e-01,5.942768554179949092e+00,7.347880794884118750e-16
-8.454073916251924059e-01,5.940141946299388742e+00,7.347880794884118750e-16
-8.640646953132083974e-01,5.937456711615950233e+00,7.347880794884118750e-16
-8.827134710315186483e-01,5.934712876631816236e+00,7.347880794884118750e-16
-9.013535347242356277e-01,5.931910468427529892e+00,7.347880794884118750e-16
-9.199847024214562463e-01,5.929049514661731024e+00,7.347880794884118750e-16
-9.386067902410764052e-01,5.926130043570875472e+00,7.347880794884118750e-16
-9.572196143906082089e-01,5.923152083968965087e+00,7.347880794884118750e-16
-9.758229911689908498e-01,5.920115665247259074e+00,7.347880794884118750e-16
-9.944167369684066005e-01,5.917020817373986219e+00,7.347880794884118750e-16
-1.013000668276090588e+00,5.913867570894041137e+00,7.347880794884118750e-16
-1.031574601676143565e+00,5.910655956928698274e+00,7.347880794884118750e-16
-1.050138353851341577e+00,5.907386007175287723e+00,7.347880794884118750e-16
-1.068691741584945287e+00,5.904057753906895911e+00,7.347880794884118750e-16
-1.087234581762507535e+00,5.900671229972036080e+00,7.347880794884118750e-16
-1.105766691373682331e+00,5.897226468794334764e+00,7.347880794884118750e-16
-1.124287887514029194e+00,5.893723504372193389e+00,7.347880794884118750e-16
-1.142797987386819925e+00,5.890162371278455211e+00,7.347880794884118750e-16
-1.161296808304841166e+00,5.886543104660067804e+00,7.347880794884118750e-16
-1.179784167692198960e+00,5.882865740237731345e+00,7.347880794884118750e-16
-1.198259883086119748e+00,5.879130314305546889e+00,7.347880794884118750e-16
-1.216723772138751603e+00,5.875336863730661996e+00,7.347880794884118750e-16
-1.235175652618963671e+00,5.871485425952901238e+00,7.347880794884118750e-16
-1.253615342414145184e+00,5.867576038984400277e+00,7.347880794884118750e-16
-1.272042659532001796e+00,5.863608741409231939e+00,7.347880794884118750e-16
-1.290457422102353258e+00,5.859583572383019856e+00,7.347880794884118750e-16
-1.308859448378927537e+00,5.855500571632557438e+00,7.347880794884118750e-16
-1.327248556741154051e+00,5.851359779455414412e+00,7.347880794884118750e-16
-1.345624565695957564e+00,5.847161236719538913e+00,7.347880794884118750e-16
-1.363987293879548091e+00,5.842904984862850704e+00,7.347880794884118750e-16
-1.382336560059211905e+00,5.838591065892837939e+00,7.347880794884118750e-16
-1.400672183135100113e+00,5.834219522386138834e+00,7.347880794884118750e-16
-1.418993982142014776e+00,5.829790397488124221e+00,7.347880794884118750e-16
-1.437301776251196817e+00,5.825303734912468556e+00,7.347880794884118750e-16
-1.455595384772109480e+00,5.820759578940718271e+00,7.347880794884118750e-16
-1.473874627154222239e+00,5.816157974421860999e+00,7.347880794884118750e-16
-1.492139322988791816e+00,5.811498966771873498e+00,7.347880794884118750e-16
-1.510389292010644979e+00,5.806782601973280222e+00,7.347880794884118750e-16
-1.528624354099954452e+00,5.802008926574699466e+00,7.347880794884118750e-16
-1.546844329284019715e+00,5.797177987690378842e+00,7.347880794884118750e-16
-1.565049037739041360e+00,5.792289832999735211e+00,7.347880794884118750e-16
-1.583238299791896342e+00,5.787344510746882165e+00,7.347880794884118750e-16
-1.601411935921911223e+00,5.782342069740153079e+00,7.347880794884118750e-16
-1.619569766762635199e+00,5.777282559351621494e+00,7.347880794884118750e-16
-1.637711613103607800e+00,5.772166029516612618e+00,7.347880794884118750e-16
-1.655837295892130134e+00,5.766992530733210387e+00,7.347880794884118750e-16
-1.673946636235030372e+00,5.761762114061759199e+00,7.347880794884118750e-16
-1.692039455400430548e+00,5.756474831124358538e+00,7.347880794884118750e-16
-1.710115574819509821e+00,5.751130734104358488e+00,7.347880794884118750e-16
-1.728174816088267507e+00,5.745729875745837489e+00,7.347880794884118750e-16
-1.746217000969282562e+00,5.740272309353088964e+00,7.347880794884118750e-16
-1.764241951393474617e+00,5.734758088790087527e+00,7.347880794884118750e-16
-1.782249489461859460e+00,5.729187268479966733e+00,7.347880794884118750e-16
-1.800239437447306745e+00,5.723559903404471960e+00,7.347880794884118750e-16
-1.818211617796292145e+00,5.717876049103423952e+00,7.347880794884118750e-16
-1.836165853130652170e+00,5.712135761674172585e+00,7.347880794884118750e-16
-1.854101966249331657e+00,5.706339097771036428e+00,7.347880794884118750e-16
-1.872019780130135480e+00,5.700486114604746746e+00,7.347880794884118750e-16
-1.889919117931474268e+00,5.694576869941885278e+00,7.347880794884118750e-16
-1.907799802994110561e+00,5.688611422104311366e+00,7.347880794884118750e-16
-1.925661658842900970e+00,5.682589829968586415e+00,7.347880794884118750e-16
-1.943504509188539675e+00,5.676512152965393909e+00,7.347880794884118750e-16
-1.961328177929297478e+00,5.670378451078953219e+00,7.347880794884118750e-16
-1.979132489152759078e+00,5.664188784846423630e+00,7.347880794884118750e-16
-1.996917267137561014e+00,5.657943215357313704e+00,7.347880794884118750e-16
-2.014682336355124281e+00,5.651641804252871992e+00,7.347880794884118750e-16
-2.032427521471388054e+00,5.645284613725483069e+00,7.347880794884118750e-16
-2.050152647348538970e+00,5.638871706518049365e+00,7.347880794884118750e-16
-2.067857539046740634e+00,5.632403145923376542e+00,7.347880794884118750e-16
-2.085542021825859571e+00,5.625878995783548220e+00,7.347880794884118750e-16
-2.103205921147190960e+00,5.619299320489290039e+00,7.347880794884118750e-16
-2.120849062675179031e+00,5.612664184979341719e+00,7.347880794884118750e-16
-2.138471272279139690e+00,5.605973654739811352e+00,7.347880794884118750e-16
-2.156072376034979143e+00,5.599227795803531471e+00,7.347880794884118750e-16
-2.173652200226908526e+00,5.592426674749408022e+00,7.347880794884118750e-16
-2.191210571349160752e+00,5.585570358701757776e+00,7.347880794884118750e-16
-2.208747316107700698e+00,5.578658915329653745e+00,7.347880794884118750e-16
-2.226262261421938504e+00,5.571692412846250164e+00,7.347880794884118750e-16
-2.243755234426434431e+00,5.564670920008116362e+00,7.347880794884118750e-16
-2.261226062472607268e+00,5.557594506114550192e+00,7.347880794884118750e-16
-2.278674573130437420e+00,5.550463241006900361e+00,7.347880794884118750e-16
-2.296100594190168653e+00,5.543277195067873642e+00,7.347880794884118750e-16
-2.313503953664008517e+00,5.536036439220843874e+00,7.347880794884118750e-16
-2.330884479787825203e+00,5.528741044929147641e+00,7.347880794884118750e-16
-2.348242001022843084e+00,5.521391084195379939e+00,7.347880794884118750e-16
-2.365576346057333801e+00,5.513986629560688080e+00,7.347880794884118750e-16
-2.382887343808310909e+00,5.506527754104047823e+00,7.347880794884118750e-16
-2.400174823423215198e+00,5.499014531441551057e+00,7.347880794884118750e-16
-2.417438614281601783e+00,5.491447035725669501e+00,7.347880794884118750e-16
-2.434678545996825427e+00,5.483825341644533502e+00,7.347880794884118750e-16
-2.451894448417719197e+00,5.476149524421185077e+00,7.347880794884118750e-16
-2.469086151630277115e+00,5.468419659812840727e+00,7.347880794884118750e-16
-2.486253485959328380e+00,5.460635824110145364e+00,7.347880794884118750e-16
-2.503396281970215131e+00,5.452798094136413809e+00,7.347880794884118750e-16
-2.520514370470460008e+00,5.444906547246876727e+00,7.347880794884118750e-16
-2.537607582511441695e+00,5.436961261327915018e+00,7.347880794884118750e-16
-2.554675749390057593e+00,5.428962314796295097e+00,7.347880794884118750e-16
-2.571718702650391375e+00,5.420909786598389069e+00,7.347880794884118750e-16
-2.588736274085374323e+00,5.412803756209398465e+00,7.347880794884118750e-16
-2.605728295738447997e+00,5.404644303632571756e+00,7.347880794884118750e-16
-2.622694599905217139e+00,5.396431509398411208e+00,7.347880794884118750e-16
-2.639635019135110117e+00,5.388165454563880630e+00,7.347880794884118750e-16
-2.656549386233027832e+00,5.379846220711603344e+00,7.347880794884118750e-16
-2.673437534260996173e+00,5.371473889949060165e+00,7.347880794884118750e-16
-2.690299296539811369e+00,5.363048544907774939e+00,7.347880794884118750e-16
-2.707134506650687555e+00,5.354570268742500971e+00,7.347880794884118750e-16
-2.723942998436897689e+00,5.346039145130403014e+00,7.347880794884118750e-16
-2.740724606005413566e+00,5.337455258270225045e+00,7.347880794884118750e-16
-2.757479163728543181e+00,5.328818692881466035e+00,7.347880794884118750e-16
-2.774206506245566750e+00,5.320129534203538846e+00,7.347880794884118750e-16
-2.790906468464365631e+00,5.311387867994933565e+00,7.347880794884118750e-16
-2.807578885563055238e+00,5.302593780532364853e+00,7.347880794884118750e-16
-2.824223592991609966e+00,5.293747358609925513e+00,7.347880794884118750e-16
-2.840840426473486779e+00,5.284848689538228506e+00,7.347880794884118750e-16
-2.857429222007248359e+00,5.275897861143546308e+00,7.347880794884118750e-16
-2.873989815868179587e+00,5.266894961766940497e+00,7.347880794884118750e-16
-2.890522044609904473e+00,5.257840080263394000e+00,7.347880794884118750e-16
-2.907025745066000866e+00,5.248733306000930909e+00,7.347880794884118750e-16
-2.923500754351606279e+00,5.239574728859737185e+00,7.347880794884118750e-16
-2.939946909865031710e+00,5.230364439231271589e+00,7.347880794884118750e-16
-2.956364049289360807e+00,5.221102528017373956e+00,7.347880794884118750e-16
-2.972752010594056582e+00,5.211789086629369017e+00,7.347880794884118750e-16
-2.989110632036556137e+00,5.202424206987164013e+00,7.347880794884118750e-16
-3.005439752163869827e+00,5.193007981518339200e+00,7.347880794884118750e-16
-3.021739209814175098e+00,5.183540503157239243e+00,7.347880794884118750e-16
-3.038008844118405438e+00,5.174021865344052173e+00,7.347880794884118750e-16
-3.054248494501837552e+00,5.164452162023891901e+00,7.347880794884118750e-16
-3.070458000685679423e+00,5.154831487645867405e+00,7.347880794884118750e-16
-3.086637202688648163e+00,5.145159937162147479e+00,7.347880794884118750e-16
-3.102785940828552302e+00,5.135437606027034363e+00,7.347880794884118750e-16
-3.118904055723865643e+00,5.125664590196009840e+00,7.347880794884118750e-16
-3.134991388295301995e+00,5.115840986124793766e+00,7.347880794884118750e-16
-3.151047779767382373e+00,5.105966890768392830e+00,7.347880794884118750e-16
-3.167073071670006179e+00,5.096042401580142212e+00,7.347880794884118750e-16
-3.183067105840011735e+00,5.086067616510744571e+00,7.347880794884118750e-16
-3.199029724422739029e+00,5.076042634007300158e+00,7.347880794884118750e-16
-3.214960769873586699e+00,5.065967553012339586e+00,7.347880794884118750e-16
-3.230860084959568113e+00,5.055842472962844170e+00,7.347880794884118750e-16
-3.246727512760861689e+00,5.045667493789267155e+00,7.347880794884118750e-16
-3.262562896672361212e+00,5.035442715914545175e+00,7.347880794884118750e-16
-3.278366080405221261e+00,5.025168240253107044e+00,7.347880794884118750e-16
-3.294136907988397311e+00,5.014844168209879882e+00,7.347880794884118750e-16
-3.309875223770187169e+00,5.004470601679287256e+00,7.347880794884118750e-16
-3.325580872419770628e+00,4.994047643044242868e+00,7.347880794884118750e-16
-3.341253698928734028e+00,4.983575395175139811e+00,7.347880794884118750e-16
-3.356893548612607692e+00,4.973053961428838043e+00,7.347880794884118750e-16
-3.372500267112389150e+00,4.962483445647638547e+00,7.347880794884118750e-16
-3.388073700396067700e+00,4.951863952158267246e+00,7.347880794884118750e-16
-3.403613694760144082e+00,4.941195585770836729e+00,7.347880794884118750e-16
-3.419120096831147926e+00,4.930478451777815074e+00,7.347880794884118750e-16
-3.434592753567150325e+00,4.919712655952989344e+00,7.347880794884118750e-16
-3.450031512259276401e+00,4.908898304550418423e+00,7.347880794884118750e-16
-3.465436220533210765e+00,4.898035504303383192e+00,7.347880794884118750e-16
-3.480806726350701652e+00,4.887124362423337587e+00,7.347880794884118750e-16
-3.496142878011061050e+00,4.876164986598846340e+00,7.347880794884118750e-16
-3.511444524152665281e+00,4.865157484994526271e+00,7.347880794884118750e-16
-3.526711513754444027e+00,4.854101966249971589e+00,7.347880794884118750e-16
-3.541943696137372033e+00,4.842998539478690745e+00,7.347880794884118750e-16
-3.557140920965960351e+00,4.831847314267022853e+00,7.347880794884118750e-16
-3.572303038249733831e+00,4.820648400673058553e+00,7.347880794884118750e-16
-3.587429898344717927e+00,4.809401909225554661e+00,7.347880794884118750e-16
-3.602521351954909079e+00,4.798107950922839926e+00,7.347880794884118750e-16
-3.617577250133753086e+00,4.786766637231725241e+00,7.347880794884118750e-16
-3.632597444285612820e+00,4.775378080086396082e+00,7.347880794884118750e-16
-3.647581786167237272e+00,4.763942391887314720e+00,7.347880794884118750e-16
-3.662530127889219500e+00,4.752459685500107334e+00,7.347880794884118750e-16
-3.677442321917463897e+00,4.740930074254448456e+00,7.347880794884118750e-16
-3.692318221074633477e+00,4.729353671942948978e+00,7.347880794884118750e-16
-3.707157678541610935e+00,4.717730592820023716e+00,7.347880794884118750e-16
-3.721960547858941037e+00,4.706060951600772313e+00,7.347880794884118750e-16
-3.736726682928279697e+00,4.694344863459843253e+00,7.347880794884118750e-16
-3.751455938013836366e+00,4.682582444030294333e+00,7.347880794884118750e-16
-3.766148167743807562e+00,4.670773809402459342e+00,7.347880794884118750e-16
-3.780803227111819709e+00,4.658919076122791658e+00,7.347880794884118750e-16
-3.795420971478352001e+00,4.647018361192725600e+00,7.347880794884118750e-16
-3.810001256572169037e+00,4.635071782067511137e+00,7.347880794884118750e-16
-3.824543938491744122e+00,4.623079456655061925e+00,7.347880794884118750e-16
-3.839048873706676801e+00,4.611041503314788237e+00,7.347880794884118750e-16
-3.853515919059112171e+00,4.598958040856429008e+00,7.347880794884118750e-16
-3.867944931765154415e+00,4.586829188538882107e+00,7.347880794884118750e-16
-3.882335769416271454e+00,4.574655066069022169e+00,7.347880794884118750e-16
-3.896688289980708042e+00,4.562435793600521983e+00,7.347880794884118750e-16
-3.911002351804879318e+00,4.550171491732669438e+00,7.347880794884118750e-16
-3.925277813614773237e+00,4.537862281509172035e+00,7.347880794884118750e-16
-3.939514534517345457e+00,4.525508284416964955e+00,7.347880794884118750e-16
-3.953712374001908891e+00,4.513109622385012898e+00,7.347880794884118750e-16
-3.967871191941518383e+00,4.500666417783103057e+00,7.347880794884118750e-16
-3.981990848594358479e+00,4.488178793420643409e+00,7.347880794884118750e-16
-3.996071204605117444e+00,4.475646872545443244e+00,7.347880794884118750e-16
-4.010112121006366159e+00,4.463070778842503472e+00,7.347880794884118750e-16
-4.024113459219928579e+00,4.450450636432789153e+00,7.347880794884118750e-16
-4.038075081058248195e+00,4.437786569872014475e+00,7.347880794884118750e-16
-4.051996848725755385e+00,4.425078704149401965e+00,7.347880794884118750e-16
-4.065878624820221887e+00,4.412327164686455916e+00,7.347880794884118750e-16
-4.079720272334124154e+00,4.399532077335722491e+00,7.347880794884118750e-16
-4.093521654655988051e+00,4.386693568379548935e+00,7.347880794884118750e-16
-4.107282635571742446e+00,4.373811764528835688e+00,7.347880794884118750e-16
-4.121003079266059466e+00,4.360886792921785826e+00,7.347880794884118750e-16
-4.134682850323700976e+00,4.347918781122650955e+00,7.347880794884118750e-16
-4.148321813730849072e+00,4.334907857120471775e+00,7.347880794884118750e-16
-4.161919834876441016e+00,4.321854149327815975e+00,7.347880794884118750e-16
-4.175476779553497053e+00,4.308757786579509919e+00,7.347880794884118750e-16
-4.188992513960448250e+00,4.295618898131365881e+00,7.347880794884118750e-16
-4.202466904702450101e+00,4.282437613658908404e+00,7.347880794884118750e-16
-4.215899818792707698e+00,4.269214063256095315e+00,7.347880794884118750e-16
-4.229291123653781348e+00,4.255948377434028096e+00,7.347880794884118750e-16
-4.242640687118898413e+00,4.242640687119672016e+00,7.347880794884118750e-16
-4.255948377433257157e+00,4.229291123654556728e+00,7.347880794884118750e-16
-4.269214063255326153e+00,4.215899818793486631e+00,7.347880794884118750e-16
-4.282437613658141906e+00,4.202466904703230810e+00,7.347880794884118750e-16
-4.295618898130602048e+00,4.188992513961231623e+00,7.347880794884118750e-16
-4.308757786578747861e+00,4.175476779554283091e+00,7.347880794884118750e-16
-4.321854149327057470e+00,4.161919834877229718e+00,7.347880794884118750e-16
-4.334907857119715047e+00,4.148321813731639551e+00,7.347880794884118750e-16
-4.347918781121896004e+00,4.134682850324494119e+00,7.347880794884118750e-16
-4.360886792921034427e+00,4.121003079266854385e+00,7.347880794884118750e-16
-4.373811764528086066e+00,4.107282635572539142e+00,7.347880794884118750e-16
-4.386693568378802865e+00,4.093521654656788300e+00,7.347880794884118750e-16
-4.399532077334978197e+00,4.079720272334927067e+00,7.347880794884118750e-16
-4.412327164685713399e+00,4.065878624821026577e+00,7.347880794884118750e-16
-4.425078704148662112e+00,4.051996848726562739e+00,7.347880794884118750e-16
-4.437786569871278175e+00,4.038075081059057325e+00,7.347880794884118750e-16
-4.450450636432055518e+00,4.024113459220739486e+00,7.347880794884118750e-16
-4.463070778841771613e+00,4.010112121007179731e+00,7.347880794884118750e-16
-4.475646872544714050e+00,3.996071204605933680e+00,7.347880794884118750e-16
-4.488178793419917767e+00,3.981990848595176935e+00,7.347880794884118750e-16
-4.500666417782380080e+00,3.967871191942339060e+00,7.347880794884118750e-16
-4.513109622384291697e+00,3.953712374002731345e+00,7.347880794884118750e-16
-4.525508284416247307e+00,3.939514534518171018e+00,7.347880794884118750e-16
-4.537862281508456164e+00,3.925277813615600131e+00,7.347880794884118750e-16
-4.550171491731957119e+00,3.911002351805707100e+00,7.347880794884118750e-16
-4.562435793599813216e+00,3.896688289981538489e+00,7.347880794884118750e-16
-4.574655066068315179e+00,3.882335769417104565e+00,7.347880794884118750e-16
-4.586829188538178670e+00,3.867944931765988414e+00,7.347880794884118750e-16
-4.598958040855728235e+00,3.853515919059948835e+00,7.347880794884118750e-16
-4.611041503314089240e+00,3.839048873707515241e+00,7.347880794884118750e-16
-4.623079456654365593e+00,3.824543938492584783e+00,7.347880794884118750e-16
-4.635071782066817470e+00,3.810001256573012363e+00,7.347880794884118750e-16
-4.647018361192034597e+00,3.795420971479197547e+00,7.347880794884118750e-16
-4.658919076122103320e+00,3.780803227112667919e+00,7.347880794884118750e-16
-4.670773809401773669e+00,3.766148167744657549e+00,7.347880794884118750e-16
-4.682582444029612212e+00,3.751455938014688130e+00,7.347880794884118750e-16
-4.694344863459163797e+00,3.736726682929134569e+00,7.347880794884118750e-16
-4.706060951600095521e+00,3.721960547859796797e+00,7.347880794884118750e-16
-4.717730592819348701e+00,3.707157678542469803e+00,7.347880794884118750e-16
-4.729353671942276627e+00,3.692318221075494122e+00,7.347880794884118750e-16
-4.740930074253779658e+00,3.677442321918326762e+00,7.347880794884118750e-16
-4.752459685499440312e+00,3.662530127890084586e+00,7.347880794884118750e-16
-4.763942391886651251e+00,3.647581786168103690e+00,7.347880794884118750e-16
-4.775378080085735277e+00,3.632597444286481903e+00,7.347880794884118750e-16
-4.786766637231067101e+00,3.617577250134623945e+00,7.347880794884118750e-16
-4.798107950922184450e+00,3.602521351955781714e+00,7.347880794884118750e-16
-4.809401909224900962e+00,3.587429898345593227e+00,7.347880794884118750e-16
-4.820648400672408407e+00,3.572303038250611351e+00,7.347880794884118750e-16
-4.831847314266375371e+00,3.557140920966839204e+00,7.347880794884118750e-16
-4.842998539478045927e+00,3.541943696138253550e+00,7.347880794884118750e-16
-4.854101966249330324e+00,3.526711513755326433e+00,7.347880794884118750e-16
-4.865157484993887671e+00,3.511444524153550351e+00,7.347880794884118750e-16
-4.876164986598210405e+00,3.496142878011948341e+00,7.347880794884118750e-16
-4.887124362422704316e+00,3.480806726351590719e+00,7.347880794884118750e-16
-4.898035504302752585e+00,3.465436220534102052e+00,7.347880794884118750e-16
-4.908898304549790481e+00,3.450031512260169464e+00,7.347880794884118750e-16
-4.919712655952364955e+00,3.434592753568045609e+00,7.347880794884118750e-16
-4.930478451777193349e+00,3.419120096832044986e+00,7.347880794884118750e-16
-4.941195585770216780e+00,3.403613694761043362e+00,7.347880794884118750e-16
-4.951863952157650850e+00,3.388073700396969201e+00,7.347880794884118750e-16
-4.962483445647025704e+00,3.372500267113292427e+00,7.347880794884118750e-16
-4.973053961428226977e+00,3.356893548613512301e+00,7.347880794884118750e-16
-4.983575395174532296e+00,3.341253698929640414e+00,7.347880794884118750e-16
-4.994047643043638018e+00,3.325580872420679235e+00,7.347880794884118750e-16
-5.004470601678685071e+00,3.309875223771097996e+00,7.347880794884118750e-16
-5.014844168209280362e+00,3.294136907989309027e+00,7.347880794884118750e-16
-5.025168240252510188e+00,3.278366080406135641e+00,7.347880794884118750e-16
-5.035442715913951872e+00,3.262562896673277812e+00,7.347880794884118750e-16
-5.045667493788676516e+00,3.246727512761780510e+00,7.347880794884118750e-16
-5.055842472962256196e+00,3.230860084960488265e+00,7.347880794884118750e-16
-5.065967553011754276e+00,3.214960769874508628e+00,7.347880794884118750e-16
-5.076042634006718401e+00,3.199029724423663179e+00,7.347880794884118750e-16
-5.086067616510165479e+00,3.183067105840937216e+00,7.347880794884118750e-16
-5.096042401579566672e+00,3.167073071670933437e+00,7.347880794884118750e-16
-5.105966890767819066e+00,3.151047779768311408e+00,7.347880794884118750e-16
-5.115840986124222667e+00,3.134991388296232362e+00,7.347880794884118750e-16
-5.125664590195441406e+00,3.118904055724798230e+00,7.347880794884118750e-16
-5.135437606026469481e+00,3.102785940829486222e+00,7.347880794884118750e-16
-5.145159937161586150e+00,3.086637202689583859e+00,7.347880794884118750e-16
-5.154831487645308741e+00,3.070458000686617339e+00,7.347880794884118750e-16
-5.164452162023336790e+00,3.054248494502777689e+00,7.347880794884118750e-16
-5.174021865343499726e+00,3.038008844119346463e+00,7.347880794884118750e-16
-5.183540503156689461e+00,3.021739209815118343e+00,7.347880794884118750e-16
-5.193007981517792082e+00,3.005439752164814848e+00,7.347880794884118750e-16
-5.202424206986619559e+00,2.989110632037502491e+00,7.347880794884118750e-16
-5.211789086628828116e+00,2.972752010595004712e+00,7.347880794884118750e-16
-5.221102528016835720e+00,2.956364049290311158e+00,7.347880794884118750e-16
-5.230364439230736018e+00,2.939946909865983393e+00,7.347880794884118750e-16
-5.239574728859205166e+00,2.923500754352559738e+00,7.347880794884118750e-16
-5.248733306000402443e+00,2.907025745066955658e+00,7.347880794884118750e-16
-5.257840080262868199e+00,2.890522044610861041e+00,7.347880794884118750e-16
-5.266894961766418248e+00,2.873989815869137932e+00,7.347880794884118750e-16
-5.275897861143026724e+00,2.857429222008208036e+00,7.347880794884118750e-16
-5.284848689537712474e+00,2.840840426474448677e+00,7.347880794884118750e-16
-5.293747358609411258e+00,2.824223592992573195e+00,7.347880794884118750e-16
-5.302593780531854151e+00,2.807578885564019799e+00,7.347880794884118750e-16
-5.311387867994425527e+00,2.790906468465331969e+00,7.347880794884118750e-16
-5.320129534203035249e+00,2.774206506246534421e+00,7.347880794884118750e-16
-5.328818692880963326e+00,2.757479163729512628e+00,7.347880794884118750e-16
-5.337455258269725888e+00,2.740724606006384789e+00,7.347880794884118750e-16
-5.346039145129907411e+00,2.723942998437870244e+00,7.347880794884118750e-16
-5.354570268742008032e+00,2.707134506651661887e+00,7.347880794884118750e-16
-5.363048544907284665e+00,2.690299296540787033e+00,7.347880794884118750e-16
-5.371473889948573444e+00,2.673437534261973614e+00,7.347880794884118750e-16
-5.379846220711120175e+00,2.656549386234006604e+00,7.347880794884118750e-16
-5.388165454563400125e+00,2.639635019136090222e+00,7.347880794884118750e-16
-5.396431509397934256e+00,2.622694599906199020e+00,7.347880794884118750e-16
-5.404644303632097468e+00,2.605728295739431211e+00,7.347880794884118750e-16
-5.412803756208926842e+00,2.588736274086359312e+00,7.347880794884118750e-16
-5.420909786597920998e+00,2.571718702651377697e+00,7.347880794884118750e-16
-5.428962314795830579e+00,2.554675749391045692e+00,7.347880794884118750e-16
-5.436961261327454054e+00,2.537607582512430682e+00,7.347880794884118750e-16
-5.444906547246417539e+00,2.520514370471451215e+00,7.347880794884118750e-16
-5.452798094135958173e+00,2.503396281971206783e+00,7.347880794884118750e-16
-5.460635824109692393e+00,2.486253485960322251e+00,7.347880794884118750e-16
-5.468419659812392197e+00,2.469086151631271875e+00,7.347880794884118750e-16
-5.476149524420739212e+00,2.451894448418715289e+00,7.347880794884118750e-16
-5.483825341644090301e+00,2.434678545997822852e+00,7.347880794884118750e-16
-5.491447035725229853e+00,2.417438614282600984e+00,7.347880794884118750e-16
-5.499014531441114073e+00,2.400174823424215731e+00,7.347880794884118750e-16
-5.506527754103614392e+00,2.382887343809312775e+00,7.347880794884118750e-16
-5.513986629560257313e+00,2.365576346058336998e+00,7.347880794884118750e-16
-5.521391084194952725e+00,2.348242001023847614e+00,7.347880794884118750e-16
-5.528741044928723092e+00,2.330884479788831065e+00,7.347880794884118750e-16
-5.536036439220422878e+00,2.313503953665015711e+00,7.347880794884118750e-16
-5.543277195067456198e+00,2.296100594191177180e+00,7.347880794884118750e-16
-5.550463241006484694e+00,2.278674573131447278e+00,7.347880794884118750e-16
-5.557594506114138966e+00,2.261226062473618459e+00,7.347880794884118750e-16
-5.564670920007708688e+00,2.243755234427446954e+00,7.347880794884118750e-16
-5.571692412845845155e+00,2.226262261422952360e+00,7.347880794884118750e-16
-5.578658915329251400e+00,2.208747316108715886e+00,7.347880794884118750e-16
-5.585570358701358984e+00,2.191210571350176828e+00,7.347880794884118750e-16
-5.592426674749012783e+00,2.173652200227925935e+00,7.347880794884118750e-16
-5.599227795803139784e+00,2.156072376035997884e+00,7.347880794884118750e-16
-5.605973654739422329e+00,2.138471272280160207e+00,7.347880794884118750e-16
-5.612664184978955362e+00,2.120849062676200436e+00,7.347880794884118750e-16
-5.619299320488907235e+00,2.103205921148213253e+00,7.347880794884118750e-16
-5.625878995783168968e+00,2.085542021826883197e+00,7.347880794884118750e-16
-5.632403145923001730e+00,2.067857539047765592e+00,7.347880794884118750e-16
-5.638871706517676330e+00,2.050152647349564816e+00,7.347880794884118750e-16
-5.645284613725112699e+00,2.032427521472414789e+00,7.347880794884118750e-16
-5.651641804252505175e+00,2.014682336356152792e+00,7.347880794884118750e-16
-5.657943215356949551e+00,1.996917267138590635e+00,7.347880794884118750e-16
-5.664188784846063029e+00,1.979132489153789809e+00,7.347880794884118750e-16
-5.670378451078596171e+00,1.961328177930329097e+00,7.347880794884118750e-16
-5.676512152965040414e+00,1.943504509189572627e+00,7.347880794884118750e-16
-5.682589829968236472e+00,1.925661658843934809e+00,7.347880794884118750e-16
-5.688611422103964088e+00,1.907799802995145289e+00,7.347880794884118750e-16
-5.694576869941540664e+00,1.889919117932510328e+00,7.347880794884118750e-16
-5.700486114604405685e+00,1.872019780131172650e+00,7.347880794884118750e-16
-5.706339097770698920e+00,1.854101966250369937e+00,7.347880794884118750e-16
-5.712135761673838630e+00,1.836165853131691339e+00,7.347880794884118750e-16
-5.717876049103093550e+00,1.818211617797332647e+00,7.347880794884118750e-16
-5.723559903404144222e+00,1.800239437448347912e+00,7.347880794884118750e-16
-5.729187268479642547e+00,1.782249489462901959e+00,7.347880794884118750e-16
-5.734758088789766894e+00,1.764241951394518004e+00,7.347880794884118750e-16
-5.740272309352771885e+00,1.746217000970327060e+00,7.347880794884118750e-16
-5.745729875745523074e+00,1.728174816089313115e+00,7.347880794884118750e-16
-5.751130734104046738e+00,1.710115574820556539e+00,7.347880794884118750e-16
-5.756474831124050340e+00,1.692039455401477710e+00,7.347880794884118750e-16
-5.761762114061453666e+00,1.673946636236078866e+00,7.347880794884118750e-16
-5.766992530732908406e+00,1.655837295893179295e+00,7.347880794884118750e-16
-5.772166029516315078e+00,1.637711613104658070e+00,7.347880794884118750e-16
-5.777282559351326618e+00,1.619569766763686358e+00,7.347880794884118750e-16
-5.782342069739861756e+00,1.601411935922963492e+00,7.347880794884118750e-16
-5.787344510746594395e+00,1.583238299792949277e+00,7.347880794884118750e-16
-5.792289832999450994e+00,1.565049037740095184e+00,7.347880794884118750e-16
-5.797177987690097289e+00,1.546844329285074426e+00,7.347880794884118750e-16
-5.802008926574421466e+00,1.528624354101010052e+00,7.347880794884118750e-16
-5.806782601973005775e+00,1.510389292011701468e+00,7.347880794884118750e-16
-5.811498966771601715e+00,1.492139322989849193e+00,7.347880794884118750e-16
-5.816157974421592769e+00,1.473874627155280281e+00,7.347880794884118750e-16
-5.820759578940454482e+00,1.455595384773168632e+00,7.347880794884118750e-16
-5.825303734912206544e+00,1.437301776252256635e+00,7.347880794884118750e-16
-5.829790397487866649e+00,1.418993982143075483e+00,7.347880794884118750e-16
-5.834219522385884815e+00,1.400672183136161486e+00,7.347880794884118750e-16
-5.838591065892586585e+00,1.382336560060274389e+00,7.347880794884118750e-16
-5.842904984862602902e+00,1.363987293880611018e+00,7.347880794884118750e-16
-5.847161236719294664e+00,1.345624565697021158e+00,7.347880794884118750e-16
-5.851359779455173715e+00,1.327248556742218533e+00,7.347880794884118750e-16
-5.855500571632319406e+00,1.308859448379992685e+00,7.347880794884118750e-16
-5.859583572382785377e+00,1.290457422103419516e+00,7.347880794884118750e-16
-5.863608741409000125e+00,1.272042659533068720e+00,7.347880794884118750e-16
-5.867576038984172015e+00,1.253615342415212552e+00,7.347880794884118750e-16
-5.871485425952675641e+00,1.235175652620032150e+00,7.347880794884118750e-16
-5.875336863730439951e+00,1.216723772139820525e+00,7.347880794884118750e-16
-5.879130314305328397e+00,1.198259883087189337e+00,7.347880794884118750e-16
-5.882865740237516405e+00,1.179784167693269215e+00,7.347880794884118750e-16
-5.886543104659856418e+00,1.161296808305912087e+00,7.347880794884118750e-16
-5.890162371278247377e+00,1.142797987387891512e+00,7.347880794884118750e-16
-5.893723504371988220e+00,1.124287887515101447e+00,7.347880794884118750e-16
-5.897226468794134036e+00,1.105766691374755251e+00,7.347880794884118750e-16
-5.900671229971838017e+00,1.087234581763581120e+00,7.347880794884118750e-16
-5.904057753906700512e+00,1.068691741586019317e+00,7.347880794884118750e-16
-5.907386007175097653e+00,1.050138353852416495e+00,7.347880794884118750e-16
-5.910655956928510868e+00,1.031574601677219150e+00,7.347880794884118750e-16
-5.913867570893858172e+00,1.013000668277166616e+00,7.347880794884118750e-16
-5.917020817373805031e+00,9.944167369694830727e-01,7.347880794884118750e-16
-5.920115665247082326e+00,9.758229911700679882e-01,7.347880794884118750e-16
-5.923152083968791004e+00,9.572196143916857913e-01,7.347880794884118750e-16
-5.926130043570704942e+00,9.386067902421547648e-01,7.347880794884118750e-16
-5.929049514661563158e+00,9.199847024225348280e-01,7.347880794884118750e-16
-5.931910468427366467e+00,9.013535347253149865e-01,7.347880794884118750e-16
-5.934712876631655476e+00,8.827134710325984512e-01,7.347880794884118750e-16
-5.937456711615793026e+00,8.640646953142885334e-01,7.347880794884118750e-16
-5.940141946299235087e+00,8.454073916262729860e-01,7.347880794884118750e-16
-5.942768554179798990e+00,8.267417441086070129e-01,7.347880794884118750e-16
-5.945336509333926323e+00,8.080679369836958337e-01,7.347880794884118750e-16
-5.947845786416936065e+00,7.893861545544765823e-01,7.347880794884118750e-16
-5.950296360663275053e+00,7.706965812026002061e-01,7.347880794884118750e-16
-5.952688207886767557e+00,7.519994013866100335e-01,7.347880794884118750e-16
-5.955021304480846212e+00,7.332947996401226742e-01,7.347880794884118750e-16
-5.957295627418787376e+00,7.145829605700060316e-01,7.347880794884118750e-16
-5.959511154253943843e+00,6.958640688545572051e-01,7.347880794884118750e-16
-5.961667863119960664e+00,6.771383092416806138e-01,7.347880794884118750e-16
-5.963765732730990976e+00,6.584058665470634564e-01,7.347880794884118750e-16
-5.965804742381908277e+00,6.396669256523528357e-01,7.347880794884118750e-16
-5.967784871948511594e+00,6.209216715033298861e-01,7.347880794884118750e-16
-5.969706101887719996e+00,6.021702891080854547e-01,7.347880794884118750e-16
-5.971568413237772432e+00,5.834129635351935628e-01,7.347880794884118750e-16
-5.973371787618404483e+00,5.646498799118848666e-01,7.347880794884118750e-16
-5.975116207231041088e+00,5.458812234222198967e-01,7.347880794884118750e-16
-5.976801654858963531e+00,5.271071793052608534e-01,7.347880794884118750e-16
-5.978428113867486182e+00,5.083279328532439578e-01,7.347880794884118750e-16
-5.979995568204113709e+00,4.895436694097498598e-01,7.347880794884118750e-16
-5.981504002398704500e+00,4.707545743678756001e-01,7.347880794884118750e-16
-5.982953401563622542e+00,4.519608331684036306e-01,7.347880794884118750e-16
-5.984343751393883082e+00,4.331626312979722782e-01,7.347880794884118750e-16
-5.985675038167295625e+00,4.143601542872448196e-01,7.347880794884118750e-16
-5.986947248744595385e+00,3.955535877090784469e-01,7.347880794884118750e-16
-5.988160370569578284e+00,3.767431171766929543e-01,7.347880794884118750e-16
-5.989314391669221749e+00,3.579289283418382039e-01,7.347880794884118750e-16
-5.990409300653803726e+00,3.391112068929624801e-01,7.347880794884118750e-16
-5.991445086717014590e+00,3.202901385533795109e-01,7.347880794884118750e-16
-5.992421739636063727e+00,3.014659090794353236e-01,7.347880794884118750e-16
-5.993339249771781674e+00,2.826387042586752107e-01,7.347880794884118750e-16
-5.994197608068712491e+00,2.638087099080099751e-01,7.347880794884118750e-16
-5.994996806055207017e+00,2.449761118718818131e-01,7.347880794884118750e-16
-5.995736835843504586e+00,2.261410960204303378e-01,7.347880794884118750e-16
-5.996417690129808520e+00,2.073038482476579625e-01,7.347880794884118750e-16
-5.997039362194363399e+00,1.884645544695953689e-01,7.347880794884118750e-16
