ref_pos_lat (deg),ref_pos_lon (deg),ref_pos_alt (m)
3.200000000000000000e+01,1.199999999999999858e+02,0.000000000000000000e+00
3.200000054109231229e+01,1.199999999999999858e+02,-7.347880794884118380e-18
3.200000108218459616e+01,1.200000000001994778e+02,-1.469576158976823676e-17
3.200000162327668107e+01,1.200000000007779590e+02,-2.204364238465235514e-17
3.200000216436815492e+01,1.200000000018970496e+02,-2.939152317953647352e-17
3.200000270545827874e+01,1.200000000037021550e+02,-3.673940397442058882e-17
3.200000324654597250e+01,1.200000000063241288e+02,-4.408728476930470412e-17
3.200000378762980091e+01,1.200000000098808073e+02,-5.143516556418881942e-17
3.200000432870792366e+01,1.200000000144781325e+02,-5.878304635907293472e-17
3.200000486977818070e+01,1.200000000202115302e+02,-6.613092715395705001e-17
3.200000541083802830e+01,1.200000000271668625e+02,-7.347880794884116531e-17
3.200000595188461716e+01,1.200000000354213512e+02,-8.082668874372528061e-17
3.200000649291477828e+01,1.200000000450445015e+02,-8.817456953860939591e-17
3.200000703392508683e+01,1.200000000560989264e+02,-9.552245033349351121e-17
3.200000757491184089e+01,1.200000000686408157e+02,-1.028703311283776265e-16
3.200000811587109695e+01,1.200000000827208311e+02,-1.102182119232617418e-16
3.200000865679875517e+01,1.200000000983844899e+02,-1.175660927181458694e-16
3.200000919769046703e+01,1.200000001156727762e+02,-1.249139735130299971e-16
3.200000973854176323e+01,1.200000001346225105e+02,-1.322618543079141247e-16
3.200001027934801101e+01,1.200000001552668323e+02,-1.396097351027982523e-16
3.200001082010447107e+01,1.200000001776354992e+02,-1.469576158976823799e-16
3.200001136080625486e+01,1.200000002017552418e+02,-1.543054966925665076e-16
3.200001190144842411e+01,1.200000002276501760e+02,-1.616533774874506352e-16
3.200001244202592687e+01,1.200000002553418739e+02,-1.690012582823347628e-16
3.200001298253365434e+01,1.200000002848497331e+02,-1.763491390772188904e-16
3.200001352296641954e+01,1.200000003161911764e+02,-1.836970198721030181e-16
3.200001406331900711e+01,1.200000003493818070e+02,-1.910449006669871457e-16
3.200001460358615191e+01,1.200000003844356655e+02,-1.983927814618712733e-16
3.200001514376254619e+01,1.200000004213653142e+02,-2.057406622567554009e-16
3.200001568384284667e+01,1.200000004601820365e+02,-2.130885430516395286e-16
3.200001622382171007e+01,1.200000005008958226e+02,-2.204364238465236562e-16
3.200001676369375758e+01,1.200000005435157675e+02,-2.277843046414077838e-16
3.200001730345358197e+01,1.200000005880499003e+02,-2.351321854362918868e-16
3.200001784309580444e+01,1.200000006345053833e+02,-2.424800662311759897e-16
3.200001838261498932e+01,1.200000006828886114e+02,-2.498279470260600927e-16
3.200001892200574360e+01,1.200000007332053258e+02,-2.571758278209441957e-16
3.200001946126263164e+01,1.200000007854605428e+02,-2.645237086158282987e-16
3.200002000038023908e+01,1.200000008396587674e+02,-2.718715894107124016e-16
3.200002053935313739e+01,1.200000008958039501e+02,-2.792194702055965046e-16
3.200002107817589803e+01,1.200000009538996153e+02,-2.865673510004806076e-16
3.200002161684312085e+01,1.200000010139488182e+02,-2.939152317953647106e-16
3.200002215534937733e+01,1.200000010759542306e+02,-3.012631125902488135e-16
3.200002269368925312e+01,1.200000011399182256e+02,-3.086109933851329165e-16
3.200002323185734809e+01,1.200000012058427643e+02,-3.159588741800170195e-16
3.200002376984826213e+01,1.200000012737296800e+02,-3.233067549749011224e-16
3.200002430765658801e+01,1.200000013435803794e+02,-3.306546357697852254e-16
3.200002484527693980e+01,1.200000014153961416e+02,-3.380025165646693284e-16
3.200002538270393870e+01,1.200000014891779756e+02,-3.453503973595534314e-16
3.200002591993218459e+01,1.200000015649267624e+02,-3.526982781544375343e-16
3.200002645695631998e+01,1.200000016426431273e+02,-3.600461589493216373e-16
3.200002699377095894e+01,1.200000017223275819e+02,-3.673940397442057403e-16
3.200002753037075820e+01,1.200000018039804814e+02,-3.747419205390898433e-16
3.200002806675035316e+01,1.200000018876020249e+02,-3.820898013339739462e-16
3.200002860290439344e+01,1.200000019731923544e+02,-3.894376821288580492e-16
3.200002913882752864e+01,1.200000020607514415e+02,-3.967855629237421522e-16
3.200002967451442260e+01,1.200000021502791725e+02,-4.041334437186262551e-16
3.200003020995973912e+01,1.200000022417753058e+02,-4.114813245135103581e-16
3.200003074515816337e+01,1.200000023352395999e+02,-4.188292053083944611e-16
3.200003128010434494e+01,1.200000024306716284e+02,-4.261770861032785641e-16
3.200003181479299030e+01,1.200000025280709792e+02,-4.335249668981626670e-16
3.200003234921877748e+01,1.200000026274370839e+02,-4.408728476930467700e-16
3.200003288337639873e+01,1.200000027287694024e+02,-4.482207284879309223e-16
3.200003341726054629e+01,1.200000028320672811e+02,-4.555686092828150746e-16
3.200003395086592661e+01,1.200000029373299952e+02,-4.629164900776992268e-16
3.200003448418725327e+01,1.200000030445568484e+02,-4.702643708725833791e-16
3.200003501721923271e+01,1.200000031537470022e+02,-4.776122516674675314e-16
3.200003554995657851e+01,1.200000032648996040e+02,-4.849601324623516837e-16
3.200003608239401842e+01,1.200000033780138153e+02,-4.923080132572358359e-16
3.200003661452627313e+01,1.200000034930886414e+02,-4.996558940521199882e-16
3.200003714634807039e+01,1.200000036101231871e+02,-5.070037748470041405e-16
3.200003767785415221e+01,1.200000037291164148e+02,-5.143516556418882928e-16
3.200003820903925345e+01,1.200000038500672872e+02,-5.216995364367724451e-16
3.200003873989811609e+01,1.200000039729747385e+02,-5.290474172316565973e-16
3.200003927042548924e+01,1.200000040978376887e+02,-5.363952980265407496e-16
3.200003980061612197e+01,1.200000042246549441e+02,-5.437431788214249019e-16
3.200004033046477758e+01,1.200000043534254246e+02,-5.510910596163090542e-16
3.200004085996621228e+01,1.200000044841478797e+02,-5.584389404111932064e-16
3.200004138911518936e+01,1.200000046168211298e+02,-5.657868212060773587e-16
3.200004191790647923e+01,1.200000047514439103e+02,-5.731347020009615110e-16
3.200004244633485939e+01,1.200000048880149421e+02,-5.804825827958456633e-16
3.200004297439510026e+01,1.200000050265329605e+02,-5.878304635907298155e-16
3.200004350208199355e+01,1.200000051669966439e+02,-5.951783443856139678e-16
3.200004402939030967e+01,1.200000053094045995e+02,-6.025262251804981201e-16
3.200004455631485456e+01,1.200000054537555201e+02,-6.098741059753822724e-16
3.200004508285040572e+01,1.200000056000479844e+02,-6.172219867702664247e-16
3.200004560899178330e+01,1.200000057482806142e+02,-6.245698675651505769e-16
3.200004613473377191e+01,1.200000058984519313e+02,-6.319177483600347292e-16
3.200004666007118459e+01,1.200000060505604722e+02,-6.392656291549188815e-16
3.200004718499883438e+01,1.200000062046048157e+02,-6.466135099498030338e-16
3.200004770951153432e+01,1.200000063605834129e+02,-6.539613907446871860e-16
3.200004823360411166e+01,1.200000065184947715e+02,-6.613092715395713383e-16
3.200004875727138653e+01,1.200000066783373427e+02,-6.686571523344554906e-16
3.200004928050818620e+01,1.200000068401095348e+02,-6.760050331293396429e-16
3.200004980330934501e+01,1.200000070038098130e+02,-6.833529139242237951e-16
3.200005032566969732e+01,1.200000071694365431e+02,-6.907007947191079474e-16
3.200005084758409879e+01,1.200000073369881051e+02,-6.980486755139920997e-16
3.200005136904738379e+01,1.200000075064628646e+02,-7.053965563088762520e-16
3.200005189005440087e+01,1.200000076778591449e+02,-7.127444371037604042e-16
3.200005241060002703e+01,1.200000078511752548e+02,-7.200923178986445565e-16
3.200005293067910372e+01,1.200000080264095175e+02,-7.274401986935287088e-16
3.200005345028650083e+01,1.200000082035601991e+02,-7.347880794884128611e-16
3.200005396941709535e+01,1.200000083826255661e+02,-7.421359602832970134e-16
3.200005448806575714e+01,1.200000085636037994e+02,-7.494838410781811656e-16
3.200005500622737031e+01,1.200000087464932079e+02,-7.568317218730653179e-16
3.200005552389681185e+01,1.200000089312919300e+02,-7.641796026679494702e-16
3.200005604106898005e+01,1.200000091179981467e+02,-7.715274834628336225e-16
3.200005655773876612e+01,1.200000093066100533e+02,-7.788753642577177747e-16
3.200005707390107546e+01,1.200000094971257596e+02,-7.862232450526019270e-16
3.200005758955080637e+01,1.200000096895434183e+02,-7.935711258474860793e-16
3.200005810468287137e+01,1.200000098838611109e+02,-8.009190066423702316e-16
3.200005861929219009e+01,1.200000100800769047e+02,-8.082668874372543838e-16
3.200005913337366792e+01,1.200000102781888955e+02,-8.156147682321385361e-16
3.200005964692226001e+01,1.200000104781951222e+02,-8.229626490270226884e-16
3.200006015993286468e+01,1.200000106800936095e+02,-8.303105298219068407e-16
3.200006067240043706e+01,1.200000108838823536e+02,-8.376584106167909929e-16
3.200006118431991808e+01,1.200000110895593934e+02,-8.450062914116751452e-16
3.200006169568624870e+01,1.200000112971226400e+02,-8.523541722065592975e-16
3.200006220649438404e+01,1.200000115065700896e+02,-8.597020530014434498e-16
3.200006271673928637e+01,1.200000117178996248e+02,-8.670499337963276021e-16
3.200006322641591794e+01,1.200000119311091993e+02,-8.743978145912117543e-16
3.200006373551924099e+01,1.200000121461967240e+02,-8.817456953860959066e-16
3.200006424404423910e+01,1.200000123631600530e+02,-8.890935761809799603e-16
3.200006475198588873e+01,1.200000125819970123e+02,-8.964414569758640139e-16
3.200006525933918056e+01,1.200000128027055268e+02,-9.037893377707480676e-16
3.200006576609910525e+01,1.200000130252833372e+02,-9.111372185656321213e-16
3.200006627226066769e+01,1.200000132497282834e+02,-9.184850993605161750e-16
3.200006677781885855e+01,1.200000134760381627e+02,-9.258329801554002286e-16
3.200006728276869694e+01,1.200000137042107298e+02,-9.331808609502842823e-16
3.200006778710519484e+01,1.200000139342437393e+02,-9.405287417451683360e-16
3.200006829082337845e+01,1.200000141661348891e+02,-9.478766225400523896e-16
3.200006879391826686e+01,1.200000143998819198e+02,-9.552245033349364433e-16
3.200006929638491471e+01,1.200000146354825290e+02,-9.625723841298204970e-16
3.200006979821834108e+01,1.200000148729343721e+02,-9.699202649247045506e-16
3.200007029941360770e+01,1.200000151122351042e+02,-9.772681457195886043e-16
3.200007079996576209e+01,1.200000153533823948e+02,-9.846160265144726580e-16
3.200007129986986598e+01,1.200000155963738422e+02,-9.919639073093567116e-16
3.200007179912098110e+01,1.200000158412070448e+02,-9.993117881042407653e-16
3.200007229771417627e+01,1.200000160878796009e+02,-1.006659668899124819e-15
3.200007279564454876e+01,1.200000163363890238e+02,-1.014007549694008873e-15
3.200007329290716740e+01,1.200000165867329542e+02,-1.021355430488892926e-15
3.200007378949712944e+01,1.200000168389088628e+02,-1.028703311283776980e-15
3.200007428540953924e+01,1.200000170929142627e+02,-1.036051192078661034e-15
3.200007478063948696e+01,1.200000173487466384e+02,-1.043399072873545087e-15
3.200007527518210537e+01,1.200000176064034889e+02,-1.050746953668429141e-15
3.200007576903249884e+01,1.200000178658822847e+02,-1.058094834463313195e-15
3.200007626218579304e+01,1.200000181271804252e+02,-1.065442715258197248e-15
3.200007675463713497e+01,1.200000183902953381e+02,-1.072790596053081302e-15
3.200007724638164319e+01,1.200000186552244514e+02,-1.080138476847965356e-15
3.200007773741448602e+01,1.200000189219651361e+02,-1.087486357642849409e-15
3.200007822773079624e+01,1.200000191905147631e+02,-1.094834238437733463e-15
3.200007871732575637e+01,1.200000194608706607e+02,-1.102182119232617517e-15
3.200007920619451340e+01,1.200000197330301859e+02,-1.109530000027501570e-15
3.200007969433225696e+01,1.200000200069906526e+02,-1.116877880822385624e-15
3.200008018173416247e+01,1.200000202827493467e+02,-1.124225761617269678e-15
3.200008066839541954e+01,1.200000205603035539e+02,-1.131573642412153731e-15
3.200008115431123201e+01,1.200000208396505315e+02,-1.138921523207037785e-15
3.200008163947678952e+01,1.200000211207875225e+02,-1.146269404001921839e-15
3.200008212388732431e+01,1.200000214037117416e+02,-1.153617284796805892e-15
3.200008260753804024e+01,1.200000216884204178e+02,-1.160965165591689946e-15
3.200008309042416954e+01,1.200000219749107373e+02,-1.168313046386574000e-15
3.200008357254093738e+01,1.200000222631798579e+02,-1.175660927181458053e-15
3.200008405388359733e+01,1.200000225532249516e+02,-1.183008807976342107e-15
3.200008453444739587e+01,1.200000228450431337e+02,-1.190356688771226161e-15
3.200008501422758656e+01,1.200000231386315335e+02,-1.197704569566110214e-15
3.200008549321943718e+01,1.200000234339872520e+02,-1.205052450360994268e-15
3.200008597141822264e+01,1.200000237311073903e+02,-1.212400331155878322e-15
3.200008644881921072e+01,1.200000240299890066e+02,-1.219748211950762375e-15
3.200008692541770472e+01,1.200000243306291310e+02,-1.227096092745646429e-15
3.200008740120899375e+01,1.200000246330248217e+02,-1.234443973540530483e-15
3.200008787618837403e+01,1.200000249371730945e+02,-1.241791854335414536e-15
3.200008835035118437e+01,1.200000252430709224e+02,-1.249139735130298590e-15
3.200008882369271390e+01,1.200000255507153213e+02,-1.256487615925182644e-15
3.200008929620830145e+01,1.200000258601032499e+02,-1.263835496720066697e-15
3.200008976789330006e+01,1.200000261712316103e+02,-1.271183377514950751e-15
3.200009023874302727e+01,1.200000264840973898e+02,-1.278531258309834805e-15
3.200009070875285744e+01,1.200000267986974478e+02,-1.285879139104718858e-15
3.200009117791814361e+01,1.200000271150287290e+02,-1.293227019899602912e-15
3.200009164623424596e+01,1.200000274330880643e+02,-1.300574900694486966e-15
3.200009211369656015e+01,1.200000277528723558e+02,-1.307922781489371019e-15
3.200009258030046055e+01,1.200000280743784487e+02,-1.315270662284255073e-15
3.200009304604134286e+01,1.200000283976031028e+02,-1.322618543079139127e-15
3.200009351091462406e+01,1.200000287225432203e+02,-1.329966423874023180e-15
3.200009397491569274e+01,1.200000290491955326e+02,-1.337314304668907234e-15
3.200009443803998721e+01,1.200000293775568281e+02,-1.344662185463791288e-15
3.200009490028293158e+01,1.200000297076238809e+02,-1.352010066258675341e-15
3.200009536163995705e+01,1.200000300393934225e+02,-1.359357947053559395e-15
3.200009582210652326e+01,1.200000303728621844e+02,-1.366705827848443449e-15
3.200009628167807563e+01,1.200000307080268414e+02,-1.374053708643327502e-15
3.200009674035008089e+01,1.200000310448841532e+02,-1.381401589438211556e-15
3.200009719811802000e+01,1.200000313834307377e+02,-1.388749470233095610e-15
3.200009765497735970e+01,1.200000317236632696e+02,-1.396097351027979663e-15
3.200009811092360223e+01,1.200000320655784236e+02,-1.403445231822863717e-15
3.200009856595224278e+01,1.200000324091727464e+02,-1.410793112617747771e-15
3.200009902005879070e+01,1.200000327544429268e+02,-1.418140993412631824e-15
3.200009947323876958e+01,1.200000331013855401e+02,-1.425488874207515878e-15
3.200009992548769588e+01,1.200000334499971331e+02,-1.432836755002399932e-15
3.200010037680111452e+01,1.200000338002742666e+02,-1.440184635797283985e-15
3.200010082717457038e+01,1.200000341522135017e+02,-1.447532516592168039e-15
3.200010127660362258e+01,1.200000345058113993e+02,-1.454880397387052093e-15
3.200010172508382311e+01,1.200000348610643925e+02,-1.462228278181936146e-15
3.200010217261075240e+01,1.200000352179690140e+02,-1.469576158976820200e-15
3.200010261917999799e+01,1.200000355765217677e+02,-1.476924039771704254e-15
3.200010306478714739e+01,1.200000359367190583e+02,-1.484271920566588307e-15
3.200010350942780946e+01,1.200000362985573759e+02,-1.491619801361472361e-15
3.200010395309757882e+01,1.200000366620331249e+02,-1.498967682156356415e-15
3.200010439579209987e+01,1.200000370271427386e+02,-1.506315562951240468e-15
3.200010483750698143e+01,1.200000373938825931e+02,-1.513663443746124522e-15
3.200010527823787498e+01,1.200000377622490930e+02,-1.521011324541008576e-15
3.200010571798043202e+01,1.200000381322385721e+02,-1.528359205335892629e-15
3.200010615673031111e+01,1.200000385038474064e+02,-1.535707086130776683e-15
3.200010659448317796e+01,1.200000388770719155e+02,-1.543054966925660737e-15
3.200010703123471956e+01,1.200000392519083903e+02,-1.550402847720544790e-15
3.200010746698061581e+01,1.200000396283531785e+02,-1.557750728515428844e-15
3.200010790171657504e+01,1.200000400064025570e+02,-1.565098609310312898e-15
3.200010833543829847e+01,1.200000403860527456e+02,-1.572446490105196951e-15
3.200010876814150862e+01,1.200000407673000637e+02,-1.579794370900081005e-15
3.200010919982194224e+01,1.200000411501407029e+02,-1.587142251694965059e-15
3.200010963047532186e+01,1.200000415345709115e+02,-1.594490132489849112e-15
3.200011006009741976e+01,1.200000419205868667e+02,-1.601838013284733166e-15
3.200011048868397978e+01,1.200000423081847885e+02,-1.609185894079617220e-15
3.200011091623077419e+01,1.200000426973608398e+02,-1.616533774874501274e-15
3.200011134273358238e+01,1.200000430881111697e+02,-1.623881655669385327e-15
3.200011176818819791e+01,1.200000434804319269e+02,-1.631229536464269381e-15
3.200011219259042861e+01,1.200000438743192461e+02,-1.638577417259153435e-15
3.200011261593607514e+01,1.200000442697692478e+02,-1.645925298054037488e-15
3.200011303822095954e+01,1.200000446667780096e+02,-1.653273178848921542e-15
3.200011345944091801e+01,1.200000450653416095e+02,-1.660621059643805596e-15
3.200011387959178677e+01,1.200000454654561537e+02,-1.667968940438689649e-15
3.200011429866943047e+01,1.200000458671176347e+02,-1.675316821233573703e-15
3.200011471666970664e+01,1.200000462703221302e+02,-1.682664702028457757e-15
3.200011513358849413e+01,1.200000466750656472e+02,-1.690012582823341810e-15
3.200011554942166470e+01,1.200000470813442064e+02,-1.697360463618225864e-15
3.200011596416513271e+01,1.200000474891537863e+02,-1.704708344413109918e-15
3.200011637781479124e+01,1.200000478984903367e+02,-1.712056225207993971e-15
3.200011679036656886e+01,1.200000483093498644e+02,-1.719404106002878025e-15
3.200011720181637997e+01,1.200000487217282910e+02,-1.726751986797762079e-15
3.200011761216017447e+01,1.200000491356215235e+02,-1.734099867592646132e-15
3.200011802139389516e+01,1.200000495510255121e+02,-1.741447748387530186e-15
3.200011842951351326e+01,1.200000499679361496e+02,-1.748795629182414240e-15
3.200011883651499289e+01,1.200000503863493151e+02,-1.756143509977298293e-15
3.200011924239431238e+01,1.200000508062608731e+02,-1.763491390772182347e-15
3.200011964714747847e+01,1.200000512276667166e+02,-1.770839271567066401e-15
3.200012005077049082e+01,1.200000516505626251e+02,-1.778187152361950454e-15
3.200012045325936327e+01,1.200000520749444775e+02,-1.785535033156834705e-15
3.200012085461013100e+01,1.200000525008080530e+02,-1.792882913951718956e-15
3.200012125481881498e+01,1.200000529281491595e+02,-1.800230794746603207e-15
3.200012165388148588e+01,1.200000533569635763e+02,-1.807578675541487458e-15
3.200012205179420022e+01,1.200000537872470687e+02,-1.814926556336371709e-15
3.200012244855302157e+01,1.200000542189954160e+02,-1.822274437131255960e-15
3.200012284415404196e+01,1.200000546522043123e+02,-1.829622317926140210e-15
3.200012323859335339e+01,1.200000550868695228e+02,-1.836970198721024461e-15
3.200012363186706210e+01,1.200000555229867274e+02,-1.844318079515908712e-15
3.200012402397129563e+01,1.200000559605516628e+02,-1.851665960310792963e-15
3.200012441490216730e+01,1.200000563995599663e+02,-1.859013841105677214e-15
3.200012480465584019e+01,1.200000568400073178e+02,-1.866361721900561465e-15
3.200012519322844895e+01,1.200000572818893687e+02,-1.873709602695445716e-15
3.200012558061616375e+01,1.200000577252017990e+02,-1.881057483490329967e-15
3.200012596681516897e+01,1.200000581699401607e+02,-1.888405364285214217e-15
3.200012635182164189e+01,1.200000586161001195e+02,-1.895753245080098468e-15
3.200012673563180243e+01,1.200000590636772415e+02,-1.903101125874982719e-15
3.200012711824183498e+01,1.200000595126671357e+02,-1.910449006669866970e-15
3.200012749964798076e+01,1.200000599630653397e+02,-1.917796887464751221e-15
3.200012787984646678e+01,1.200000604148674483e+02,-1.925144768259635472e-15
3.200012825883354139e+01,1.200000608680689709e+02,-1.932492649054519723e-15
3.200012863660548135e+01,1.200000613226654451e+02,-1.939840529849403974e-15
3.200012901315853497e+01,1.200000617786523804e+02,-1.947188410644288225e-15
3.200012938848900035e+01,1.200000622360252862e+02,-1.954536291439172475e-15
3.200012976259316133e+01,1.200000626947796007e+02,-1.961884172234056726e-15
3.200013013546733731e+01,1.200000631549108903e+02,-1.969232053028940977e-15
3.200013050710784057e+01,1.200000636164145362e+02,-1.976579933823825228e-15
3.200013087751101182e+01,1.200000640792860054e+02,-1.983927814618709479e-15
3.200013124667319175e+01,1.200000645435207360e+02,-1.991275695413593730e-15
3.200013161459072109e+01,1.200000650091141381e+02,-1.998623576208477981e-15
3.200013198125999736e+01,1.200000654760616072e+02,-2.005971457003362232e-15
3.200013234667737549e+01,1.200000659443585533e+02,-2.013319337798246483e-15
3.200013271083926725e+01,1.200000664140003579e+02,-2.020667218593130733e-15
3.200013307374207017e+01,1.200000668849823882e+02,-2.028015099388014984e-15
3.200013343538219601e+01,1.200000673572999830e+02,-2.035362980182899235e-15
3.200013379575609207e+01,1.200000678309484670e+02,-2.042710860977783486e-15
3.200013415486018431e+01,1.200000683059231648e+02,-2.050058741772667737e-15
3.200013451269094844e+01,1.200000687822194152e+02,-2.057406622567551988e-15
3.200013486924483175e+01,1.200000692598325287e+02,-2.064754503362436239e-15
3.200013522451833126e+01,1.200000697387577446e+02,-2.072102384157320490e-15
3.200013557850792978e+01,1.200000702189903592e+02,-2.079450264952204740e-15
3.200013593121013855e+01,1.200000707005256544e+02,-2.086798145747088991e-15
3.200013628262147591e+01,1.200000711833588412e+02,-2.094146026541973242e-15
3.200013663273847442e+01,1.200000716674851731e+02,-2.101493907336857493e-15
3.200013698155767372e+01,1.200000721528998753e+02,-2.108841788131741744e-15
3.200013732907564901e+01,1.200000726395981445e+02,-2.116189668926625995e-15
3.200013767528893993e+01,1.200000731275751775e+02,-2.123537549721510246e-15
3.200013802019415721e+01,1.200000736168261852e+02,-2.130885430516394497e-15
3.200013836378787602e+01,1.200000741073462933e+02,-2.138233311311278748e-15
3.200013870606672128e+01,1.200000745991307127e+02,-2.145581192106162998e-15
3.200013904702730372e+01,1.200000750921745407e+02,-2.152929072901047249e-15
3.200013938666626956e+01,1.200000755864729456e+02,-2.160276953695931500e-15
3.200013972498025794e+01,1.200000760820210246e+02,-2.167624834490815751e-15
3.200014006196592931e+01,1.200000765788138892e+02,-2.174972715285700002e-15
3.200014039761995832e+01,1.200000770768466651e+02,-2.182320596080584253e-15
3.200014073193904096e+01,1.200000775761144212e+02,-2.189668476875468504e-15
3.200014106491986610e+01,1.200000780766121977e+02,-2.197016357670352755e-15
3.200014139655915102e+01,1.200000785783351063e+02,-2.204364238465237006e-15
3.200014172685362013e+01,1.200000790812781588e+02,-2.211712119260121256e-15
3.200014205580002624e+01,1.200000795854364242e+02,-2.219060000055005507e-15
3.200014238339511508e+01,1.200000800908048859e+02,-2.226407880849889758e-15
3.200014270963564655e+01,1.200000805973785702e+02,-2.233755761644774009e-15
3.200014303451840192e+01,1.200000811051525034e+02,-2.241103642439658260e-15
3.200014335804018373e+01,1.200000816141216546e+02,-2.248451523234542511e-15
3.200014368019779454e+01,1.200000821242809934e+02,-2.255799404029426762e-15
3.200014400098805822e+01,1.200000826356254890e+02,-2.263147284824311013e-15
3.200014432040779866e+01,1.200000831481501251e+02,-2.270495165619195263e-15
3.200014463845386814e+01,1.200000836618497857e+02,-2.277843046414079514e-15
3.200014495512314028e+01,1.200000841767194544e+02,-2.285190927208963765e-15
3.200014527041246737e+01,1.200000846927539868e+02,-2.292538808003848016e-15
3.200014558431875145e+01,1.200000852099483666e+02,-2.299886688798732267e-15
3.200014589683890165e+01,1.200000857282974209e+02,-2.307234569593616518e-15
3.200014620796981291e+01,1.200000862477961050e+02,-2.314582450388500769e-15
3.200014651770842278e+01,1.200000867684392318e+02,-2.321930331183385020e-15
3.200014682605168304e+01,1.200000872902216713e+02,-2.329278211978269271e-15
3.200014713299654545e+01,1.200000878131382933e+02,-2.336626092773153521e-15
3.200014743853996890e+01,1.200000883371839393e+02,-2.343973973568037772e-15
3.200014774267896200e+01,1.200000888623534223e+02,-2.351321854362922023e-15
3.200014804541050495e+01,1.200000893886415554e+02,-2.358669735157806274e-15
3.200014834673161346e+01,1.200000899160431374e+02,-2.366017615952690525e-15
3.200014864663931036e+01,1.200000904445529955e+02,-2.373365496747574776e-15
3.200014894513063979e+01,1.200000909741659001e+02,-2.380713377542459027e-15
3.200014924220266010e+01,1.200000915048766075e+02,-2.388061258337343278e-15
3.200014953785242966e+01,1.200000920366799164e+02,-2.395409139132227528e-15
3.200014983207704233e+01,1.200000925695705263e+02,-2.402757019927111779e-15
3.200015012487358490e+01,1.200000931035432217e+02,-2.410104900721996030e-15
3.200015041623916545e+01,1.200000936385926877e+02,-2.417452781516880281e-15
3.200015070617092050e+01,1.200000941747136949e+02,-2.424800662311764532e-15
3.200015099466597945e+01,1.200000947119009425e+02,-2.432148543106648783e-15
3.200015128172150014e+01,1.200000952501490872e+02,-2.439496423901533034e-15
3.200015156733463328e+01,1.200000957894528710e+02,-2.446844304696417285e-15
3.200015185150258645e+01,1.200000963298069223e+02,-2.454192185491301536e-15
3.200015213422253169e+01,1.200000968712059546e+02,-2.461540066286185786e-15
3.200015241549169787e+01,1.200000974136445677e+02,-2.468887947081070037e-15
3.200015269530729256e+01,1.200000979571174753e+02,-2.476235827875954288e-15
3.200015297366655886e+01,1.200000985016192487e+02,-2.483583708670838539e-15
3.200015325056676119e+01,1.200000990471445732e+02,-2.490931589465722790e-15
3.200015352600514973e+01,1.200000995936880059e+02,-2.498279470260607041e-15
3.200015379997901022e+01,1.200001001412442179e+02,-2.505627351055491292e-15
3.200015407248564969e+01,1.200001006898077378e+02,-2.512975231850375543e-15
3.200015434352236809e+01,1.200001012393731799e+02,-2.520323112645259794e-15
3.200015461308648668e+01,1.200001017899351439e+02,-2.527670993440144044e-15
3.200015488117535511e+01,1.200001023414881729e+02,-2.535018874235028295e-15
3.200015514778633019e+01,1.200001028940268384e+02,-2.542366755029912546e-15
3.200015541291676158e+01,1.200001034475456407e+02,-2.549714635824796797e-15
3.200015567656404869e+01,1.200001040020391940e+02,-2.557062516619681048e-15
3.200015593872559805e+01,1.200001045575019418e+02,-2.564410397414565299e-15
3.200015619939879485e+01,1.200001051139284556e+02,-2.571758278209449550e-15
3.200015645858108826e+01,1.200001056713132357e+02,-2.579106159004333801e-15
3.200015671626991320e+01,1.200001062296507826e+02,-2.586454039799218051e-15
3.200015697246272595e+01,1.200001067889355681e+02,-2.593801920594102302e-15
3.200015722715699695e+01,1.200001073491620929e+02,-2.601149801388986553e-15
3.200015748035021801e+01,1.200001079103248003e+02,-2.608497682183870804e-15
3.200015773203988090e+01,1.200001084724181766e+02,-2.615845562978755055e-15
3.200015798222351293e+01,1.200001090354366653e+02,-2.623193443773639306e-15
3.200015823089863432e+01,1.200001095993747242e+02,-2.630541324568523557e-15
3.200015847806279368e+01,1.200001101642267685e+02,-2.637889205363407808e-15
3.200015872371356096e+01,1.200001107299872132e+02,-2.645237086158292059e-15
3.200015896784849900e+01,1.200001112966505161e+02,-2.652584966953176309e-15
3.200015921046520617e+01,1.200001118642110498e+02,-2.659932847748060560e-15
3.200015945156128083e+01,1.200001124326632151e+02,-2.667280728542944811e-15
3.200015969113434977e+01,1.200001130020014131e+02,-2.674628609337829062e-15
3.200015992918203978e+01,1.200001135722200303e+02,-2.681976490132713313e-15
3.200016016570202027e+01,1.200001141433134393e+02,-2.689324370927597564e-15
3.200016040069193934e+01,1.200001147152759700e+02,-2.696672251722481815e-15
3.200016063414948064e+01,1.200001152881020090e+02,-2.704020132517366066e-15
3.200016086607234200e+01,1.200001158617858863e+02,-2.711368013312250317e-15
3.200016109645823548e+01,1.200001164363219459e+02,-2.718715894107134567e-15
3.200016132530488733e+01,1.200001170117045177e+02,-2.726063774902018818e-15
3.200016155261003803e+01,1.200001175879279458e+02,-2.733411655696903069e-15
3.200016177837144937e+01,1.200001181649864890e+02,-2.740759536491787320e-15
3.200016200258688315e+01,1.200001187428745197e+02,-2.748107417286671571e-15
3.200016222525412957e+01,1.200001193215862685e+02,-2.755455298081555822e-15
3.200016244637100016e+01,1.200001199011160793e+02,-2.762803178876440073e-15
3.200016266593529934e+01,1.200001204814581968e+02,-2.770151059671324324e-15
3.200016288394486708e+01,1.200001210626069081e+02,-2.777498940466208574e-15
3.200016310039755751e+01,1.200001216445564722e+02,-2.784846821261092825e-15
3.200016331529121771e+01,1.200001222273011336e+02,-2.792194702055977076e-15
3.200016352862374447e+01,1.200001228108351796e+02,-2.799542582850861327e-15
3.200016374039302036e+01,1.200001233951527979e+02,-2.806890463645745578e-15
3.200016395059695640e+01,1.200001239802482758e+02,-2.814238344440629829e-15
3.200016415923349200e+01,1.200001245661157867e+02,-2.821586225235514080e-15
3.200016436630054528e+01,1.200001251527496038e+02,-2.828934106030398331e-15
3.200016457179609120e+01,1.200001257401438863e+02,-2.836281986825282582e-15
3.200016477571809048e+01,1.200001263282928363e+02,-2.843629867620166832e-15
3.200016497806453231e+01,1.200001269171907126e+02,-2.850977748415051083e-15
3.200016517883342715e+01,1.200001275068316318e+02,-2.858325629209935334e-15
3.200016537802278549e+01,1.200001280972098243e+02,-2.865673510004819585e-15
3.200016557563065334e+01,1.200001286883194211e+02,-2.873021390799703836e-15
3.200016577165506249e+01,1.200001292801546242e+02,-2.880369271594588087e-15
3.200016596609408737e+01,1.200001298727095644e+02,-2.887717152389472338e-15
3.200016615894580241e+01,1.200001304659784012e+02,-2.895065033184356589e-15
3.200016635020831757e+01,1.200001310599553079e+02,-2.902412913979240840e-15
3.200016653987974280e+01,1.200001316546343872e+02,-2.909760794774125090e-15
3.200016672795819517e+01,1.200001322500097984e+02,-2.917108675569009341e-15
3.200016691444182726e+01,1.200001328460756156e+02,-2.924456556363893592e-15
3.200016709932879877e+01,1.200001334428260122e+02,-2.931804437158777843e-15
3.200016728261727650e+01,1.200001340402550767e+02,-2.939152317953662094e-15
3.200016746430545567e+01,1.200001346383568972e+02,-2.946500198748546345e-15
3.200016764439154571e+01,1.200001352371255763e+02,-2.953848079543430596e-15
3.200016782287377737e+01,1.200001358365552306e+02,-2.961195960338314847e-15
3.200016799975036719e+01,1.200001364366399201e+02,-2.968543841133199097e-15
3.200016817501958855e+01,1.200001370373737331e+02,-2.975891721928083348e-15
3.200016834867970061e+01,1.200001376387507435e+02,-2.983239602722967599e-15
3.200016852072899809e+01,1.200001382407649828e+02,-2.990587483517851850e-15
3.200016869116578277e+01,1.200001388434105678e+02,-2.997935364312736101e-15
3.200016885998835647e+01,1.200001394466814872e+02,-3.005283245107620352e-15
3.200016902719507073e+01,1.200001400505718152e+02,-3.012631125902504603e-15
3.200016919278426997e+01,1.200001406550755974e+02,-3.019979006697388854e-15
3.200016935675432705e+01,1.200001412601868935e+02,-3.027326887492273105e-15
3.200016951910360063e+01,1.200001418658996641e+02,-3.034674768287157355e-15
3.200016967983052041e+01,1.200001424722079832e+02,-3.042022649082041606e-15
3.200016983893347344e+01,1.200001430791058681e+02,-3.049370529876925857e-15
3.200016999641090365e+01,1.200001436865873075e+02,-3.056718410671810108e-15
3.200017015226124784e+01,1.200001442946462760e+02,-3.064066291466694359e-15
3.200017030648297123e+01,1.200001449032768477e+02,-3.071414172261578610e-15
3.200017045907456037e+01,1.200001455124729546e+02,-3.078762053056462861e-15
3.200017061003450181e+01,1.200001461222286281e+02,-3.086109933851347112e-15
3.200017075936130340e+01,1.200001467325378002e+02,-3.093457814646231362e-15
3.200017090705348721e+01,1.200001473433944739e+02,-3.100805695441115613e-15
3.200017105310961085e+01,1.200001479547926238e+02,-3.108153576235999864e-15
3.200017119752822481e+01,1.200001485667262386e+02,-3.115501457030884115e-15
3.200017134030789379e+01,1.200001491791892079e+02,-3.122849337825768366e-15
3.200017148144722512e+01,1.200001497921755913e+02,-3.130197218620652617e-15
3.200017162094481904e+01,1.200001504056792356e+02,-3.137545099415536868e-15
3.200017175879929709e+01,1.200001510196941297e+02,-3.144892980210421119e-15
3.200017189500929504e+01,1.200001516342142338e+02,-3.152240861005305370e-15
3.200017202957347706e+01,1.200001522492334374e+02,-3.159588741800189620e-15
3.200017216249051444e+01,1.200001528647457008e+02,-3.166936622595073871e-15
3.200017229375909267e+01,1.200001534807449701e+02,-3.174284503389958122e-15
3.200017242337791146e+01,1.200001540972251206e+02,-3.181632384184842373e-15
3.200017255134569183e+01,1.200001547141800842e+02,-3.188980264979726624e-15
3.200017267766118323e+01,1.200001553316037644e+02,-3.196328145774610875e-15
3.200017280232312089e+01,1.200001559494900931e+02,-3.203676026569495126e-15
3.200017292533029689e+01,1.200001565678329456e+02,-3.211023907364379377e-15
3.200017304668147489e+01,1.200001571866262537e+02,-3.218371788159263628e-15
3.200017316637546827e+01,1.200001578058638643e+02,-3.225719668954147878e-15
3.200017328441109754e+01,1.200001584255396949e+02,-3.233067549749032129e-15
3.200017340078719741e+01,1.200001590456476066e+02,-3.240415430543916380e-15
3.200017351550260969e+01,1.200001596661815171e+02,-3.247763311338800631e-15
3.200017362855620462e+01,1.200001602871352446e+02,-3.255111192133684882e-15
3.200017373994688086e+01,1.200001609085027354e+02,-3.262459072928569133e-15
3.200017384967352285e+01,1.200001615302777935e+02,-3.269806953723453384e-15
3.200017395773505768e+01,1.200001621524543083e+02,-3.277154834518337635e-15
3.200017406413041243e+01,1.200001627750261548e+02,-3.284502715313221885e-15
3.200017416885853550e+01,1.200001633979871514e+02,-3.291850596108106136e-15
3.200017427191840369e+01,1.200001640213311731e+02,-3.299198476902990387e-15
3.200017437330898673e+01,1.200001646450520667e+02,-3.306546357697874638e-15
3.200017447302929696e+01,1.200001652691436647e+02,-3.313894238492758889e-15
3.200017457107833252e+01,1.200001658935998279e+02,-3.321242119287643140e-15
3.200017466745514838e+01,1.200001665184143747e+02,-3.328590000082527391e-15
3.200017476215877821e+01,1.200001671435811375e+02,-3.335937880877411642e-15
3.200017485518829119e+01,1.200001677690939630e+02,-3.343285761672295893e-15
3.200017494654276362e+01,1.200001683949466411e+02,-3.350633642467180143e-15
3.200017503622130022e+01,1.200001690211330470e+02,-3.357981523262064394e-15
3.200017512422301991e+01,1.200001696476469846e+02,-3.365329404056948645e-15
3.200017521054704162e+01,1.200001702744822580e+02,-3.372677284851832896e-15
3.200017529519252690e+01,1.200001709016326430e+02,-3.380025165646717147e-15
3.200017537815863733e+01,1.200001715290920430e+02,-3.387373046441601398e-15
3.200017545944454156e+01,1.200001721568541768e+02,-3.394720927236485649e-15
3.200017553904945089e+01,1.200001727849129196e+02,-3.402068808031369900e-15
3.200017561697257662e+01,1.200001734132620044e+02,-3.409416688826254151e-15
3.200017569321315136e+01,1.200001740418952778e+02,-3.416764569621138401e-15
3.200017576777041484e+01,1.200001746708065014e+02,-3.424112450416022652e-15
3.200017584064363518e+01,1.200001752999895075e+02,-3.431460331210906903e-15
3.200017591183210186e+01,1.200001759294380719e+02,-3.438808212005791154e-15
3.200017598133509722e+01,1.200001765591459701e+02,-3.446156092800675405e-15
3.200017604915194624e+01,1.200001771891069779e+02,-3.453503973595559656e-15
3.200017611528197392e+01,1.200001778193149136e+02,-3.460851854390443907e-15
3.200017617972452655e+01,1.200001784497635242e+02,-3.468199735185328158e-15
3.200017624247897885e+01,1.200001790804465998e+02,-3.475547615980212408e-15
3.200017630354469134e+01,1.200001797113579158e+02,-3.482895496775096659e-15
3.200017636292108847e+01,1.200001803424912339e+02,-3.490243377569980910e-15
3.200017642060755918e+01,1.200001809738403580e+02,-3.497591258364865161e-15
3.200017647660354925e+01,1.200001816053990353e+02,-3.504939139159749412e-15
3.200017653090850445e+01,1.200001822371610132e+02,-3.512287019954633663e-15
3.200017658352187055e+01,1.200001828691200956e+02,-3.519634900749517914e-15
3.200017663444315730e+01,1.200001835012700298e+02,-3.526982781544402165e-15
3.200017668367184598e+01,1.200001841336045487e+02,-3.534330662339286416e-15
3.200017673120745343e+01,1.200001847661174423e+02,-3.541678543134170666e-15
3.200017677704951069e+01,1.200001853988024578e+02,-3.549026423929054917e-15
3.200017682119755591e+01,1.200001860316533708e+02,-3.556374304723938774e-15
3.200017686365117697e+01,1.200001866646639144e+02,-3.563722185518822630e-15
3.200017690440992624e+01,1.200001872978278499e+02,-3.571070066313706487e-15
3.200017694347342001e+01,1.200001879311388961e+02,-3.578417947108590343e-15
3.200017698084126749e+01,1.200001885645908715e+02,-3.585765827903474200e-15
3.200017701651309920e+01,1.200001891981774662e+02,-3.593113708698358056e-15
3.200017705048856698e+01,1.200001898318924276e+02,-3.600461589493241912e-15
3.200017708276733686e+01,1.200001904657295171e+02,-3.607809470288125769e-15
3.200017711334907489e+01,1.200001910996825103e+02,-3.615157351083009625e-15
3.200017714223349685e+01,1.200001917337450976e+02,-3.622505231877893482e-15
3.200017716942031143e+01,1.200001923679110263e+02,-3.629853112672777338e-15
3.200017719490924861e+01,1.200001930021740861e+02,-3.637200993467661195e-15
3.200017721870005261e+01,1.200001936365279676e+02,-3.644548874262545051e-15
3.200017724079250314e+01,1.200001942709664036e+02,-3.651896755057428908e-15
3.200017726118637285e+01,1.200001949054831982e+02,-3.659244635852312764e-15
3.200017727988146277e+01,1.200001955400720277e+02,-3.666592516647196621e-15
3.200017729687758106e+01,1.200001961747266535e+02,-3.673940397442080477e-15
3.200017731217456429e+01,1.200001968094407943e+02,-3.681288278236964333e-15
3.200017732577226326e+01,1.200001974442082116e+02,-3.688636159031848190e-15
3.200017733767055006e+01,1.200001980790225957e+02,-3.695984039826732046e-15
3.200017734786929680e+01,1.200001987138777508e+02,-3.703331920621615903e-15
3.200017735636839689e+01,1.200001993487673531e+02,-3.710679801416499759e-15
3.200017736316778638e+01,1.200001999836851496e+02,-3.718027682211383616e-15
3.200017736826738712e+01,1.200002006186249019e+02,-3.725375563006267472e-15
3.200017737166714937e+01,1.200002012535803004e+02,-3.732723443801151329e-15
3.200017737336703760e+01,1.200002018885450923e+02,-3.740071324596035185e-15
3.200017737336703760e+01,1.200002025235130390e+02,-3.747419205390919042e-15
3.200017737166714937e+01,1.200002031584778592e+02,-3.754767086185802898e-15
3.200017736826738712e+01,1.200002037934332577e+02,-3.762114966980686754e-15
3.200017736316778638e+01,1.200002044283729958e+02,-3.769462847775570611e-15
3.200017735636839689e+01,1.200002050632907924e+02,-3.776810728570454467e-15
3.200017734786929680e+01,1.200002056981803946e+02,-3.784158609365338324e-15
3.200017733767055006e+01,1.200002063330355355e+02,-3.791506490160222180e-15
3.200017732577226326e+01,1.200002069678499623e+02,-3.798854370955106037e-15
3.200017731217456429e+01,1.200002076026173512e+02,-3.806202251749989893e-15
3.200017729687758106e+01,1.200002082373314920e+02,-3.813550132544873750e-15
3.200017727988146277e+01,1.200002088719861177e+02,-3.820898013339757606e-15
3.200017726118637285e+01,1.200002095065749614e+02,-3.828245894134641463e-15
3.200017724079250314e+01,1.200002101410917277e+02,-3.835593774929525319e-15
3.200017721870005261e+01,1.200002107755301779e+02,-3.842941655724409175e-15
3.200017719490924861e+01,1.200002114098840735e+02,-3.850289536519293032e-15
3.200017716942031143e+01,1.200002120441471050e+02,-3.857637417314176888e-15
3.200017714223349685e+01,1.200002126783130763e+02,-3.864985298109060745e-15
3.200017711334907489e+01,1.200002133123756494e+02,-3.872333178903944601e-15
3.200017708276733686e+01,1.200002139463286142e+02,-3.879681059698828458e-15
3.200017705048856698e+01,1.200002145801657178e+02,-3.887028940493712314e-15
3.200017701651310631e+01,1.200002152138807077e+02,-3.894376821288596171e-15
3.200017698084126749e+01,1.200002158474672740e+02,-3.901724702083480027e-15
3.200017694347342001e+01,1.200002164809192351e+02,-3.909072582878363884e-15
3.200017690440992624e+01,1.200002171142302956e+02,-3.916420463673247740e-15
3.200017686365117697e+01,1.200002177473942311e+02,-3.923768344468131596e-15
3.200017682119755591e+01,1.200002183804047604e+02,-3.931116225263015453e-15
3.200017677704951069e+01,1.200002190132556734e+02,-3.938464106057899309e-15
3.200017673120745343e+01,1.200002196459407031e+02,-3.945811986852783166e-15
3.200017668367184598e+01,1.200002202784536109e+02,-3.953159867647667022e-15
3.200017663444315730e+01,1.200002209107881441e+02,-3.960507748442550879e-15
3.200017658352187055e+01,1.200002215429380641e+02,-3.967855629237434735e-15
3.200017653090850445e+01,1.200002221748971323e+02,-3.975203510032318592e-15
3.200017647660354925e+01,1.200002228066591243e+02,-3.982551390827202448e-15
3.200017642060755918e+01,1.200002234382178017e+02,-3.989899271622086305e-15
3.200017636292108847e+01,1.200002240695669116e+02,-3.997247152416970161e-15
3.200017630354469134e+01,1.200002247007002580e+02,-4.004595033211854017e-15
3.200017624247897885e+01,1.200002253316115741e+02,-4.011942914006737874e-15
3.200017617972452655e+01,1.200002259622946497e+02,-4.019290794801621730e-15
3.200017611528197392e+01,1.200002265927432461e+02,-4.026638675596505587e-15
3.200017604915194624e+01,1.200002272229511817e+02,-4.033986556391389443e-15
3.200017598133509722e+01,1.200002278529122037e+02,-4.041334437186273300e-15
3.200017591183210186e+01,1.200002284826200878e+02,-4.048682317981157156e-15
3.200017584064363518e+01,1.200002291120686522e+02,-4.056030198776041013e-15
3.200017576777041484e+01,1.200002297412516583e+02,-4.063378079570924869e-15
3.200017569321315136e+01,1.200002303701628819e+02,-4.070725960365808726e-15
3.200017561697257662e+01,1.200002309987961553e+02,-4.078073841160692582e-15
3.200017553904945089e+01,1.200002316271452401e+02,-4.085421721955576438e-15
3.200017545944454156e+01,1.200002322552039828e+02,-4.092769602750460295e-15
3.200017537815863733e+01,1.200002328829661167e+02,-4.100117483545344151e-15
3.200017529519252690e+01,1.200002335104254882e+02,-4.107465364340228008e-15
3.200017521054704162e+01,1.200002341375759158e+02,-4.114813245135111864e-15
3.200017512422301991e+01,1.200002347644111751e+02,-4.122161125929995721e-15
3.200017503622130022e+01,1.200002353909251127e+02,-4.129509006724879577e-15
3.200017494654276362e+01,1.200002360171115185e+02,-4.136856887519763434e-15
3.200017485518829119e+01,1.200002366429641967e+02,-4.144204768314647290e-15
3.200017476215877821e+01,1.200002372684770222e+02,-4.151552649109531147e-15
3.200017466745514838e+01,1.200002378936437992e+02,-4.158900529904415003e-15
3.200017457107833252e+01,1.200002385184583460e+02,-4.166248410699298859e-15
3.200017447302929696e+01,1.200002391429145092e+02,-4.173596291494182716e-15
3.200017437330898673e+01,1.200002397670060930e+02,-4.180944172289066572e-15
3.200017427191840369e+01,1.200002403907270008e+02,-4.188292053083950429e-15
3.200017416885853550e+01,1.200002410140710083e+02,-4.195639933878834285e-15
3.200017406413041243e+01,1.200002416370320333e+02,-4.202987814673718142e-15
3.200017395773505768e+01,1.200002422596038514e+02,-4.210335695468601998e-15
3.200017384967352285e+01,1.200002428817803661e+02,-4.217683576263485855e-15
3.200017373994688086e+01,1.200002435035554242e+02,-4.225031457058369711e-15
3.200017362855620462e+01,1.200002441249229150e+02,-4.232379337853253568e-15
3.200017351550260969e+01,1.200002447458766710e+02,-4.239727218648137424e-15
3.200017340078719741e+01,1.200002453664105531e+02,-4.247075099443021280e-15
3.200017328441109754e+01,1.200002459865184932e+02,-4.254422980237905137e-15
3.200017316637546827e+01,1.200002466061943096e+02,-4.261770861032788993e-15
3.200017304668147489e+01,1.200002472254319343e+02,-4.269118741827672850e-15
3.200017292533029689e+01,1.200002478442252141e+02,-4.276466622622556706e-15
3.200017280232312089e+01,1.200002484625680665e+02,-4.283814503417440563e-15
3.200017267766118323e+01,1.200002490804544095e+02,-4.291162384212324419e-15
3.200017255134569183e+01,1.200002496978781039e+02,-4.298510265007208276e-15
3.200017242337791146e+01,1.200002503148330675e+02,-4.305858145802092132e-15
3.200017229375909267e+01,1.200002509313132180e+02,-4.313206026596975989e-15
3.200017216249051444e+01,1.200002515473124589e+02,-4.320553907391859845e-15
3.200017202957347706e+01,1.200002521628247507e+02,-4.327901788186743701e-15
3.200017189500929504e+01,1.200002527778439543e+02,-4.335249668981627558e-15
3.200017175879929709e+01,1.200002533923640584e+02,-4.342597549776511414e-15
3.200017162094481904e+01,1.200002540063789525e+02,-4.349945430571395271e-15
3.200017148144722512e+01,1.200002546198826110e+02,-4.357293311366279127e-15
3.200017134030789379e+01,1.200002552328689518e+02,-4.364641192161162984e-15
3.200017119752822481e+01,1.200002558453319494e+02,-4.371989072956046840e-15
3.200017105310961085e+01,1.200002564572655643e+02,-4.379336953750930697e-15
3.200017090705348721e+01,1.200002570686637142e+02,-4.386684834545814553e-15
3.200017075936130340e+01,1.200002576795204021e+02,-4.394032715340698409e-15
3.200017061003450181e+01,1.200002582898295884e+02,-4.401380596135582266e-15
3.200017045907456037e+01,1.200002588995852335e+02,-4.408728476930466122e-15
3.200017030648297123e+01,1.200002595087813404e+02,-4.416076357725349979e-15
3.200017015226124784e+01,1.200002601174119121e+02,-4.423424238520233835e-15
3.200016999641090365e+01,1.200002607254709091e+02,-4.430772119315117692e-15
3.200016983893347344e+01,1.200002613329523200e+02,-4.438120000110001548e-15
3.200016967983052041e+01,1.200002619398502048e+02,-4.445467880904885405e-15
3.200016951910360063e+01,1.200002625461585239e+02,-4.452815761699769261e-15
3.200016935675432705e+01,1.200002631518713230e+02,-4.460163642494653118e-15
3.200016919278426997e+01,1.200002637569825907e+02,-4.467511523289536974e-15
3.200016902719507073e+01,1.200002643614863871e+02,-4.474859404084420830e-15
3.200016885998835647e+01,1.200002649653767293e+02,-4.482207284879304687e-15
3.200016869116578277e+01,1.200002655686476487e+02,-4.489555165674188543e-15
3.200016852072899809e+01,1.200002661712932195e+02,-4.496903046469072400e-15
3.200016834867970061e+01,1.200002667733074730e+02,-4.504250927263956256e-15
3.200016817501958855e+01,1.200002673746844835e+02,-4.511598808058840113e-15
3.200016799975036719e+01,1.200002679754182822e+02,-4.518946688853723969e-15
3.200016782287377737e+01,1.200002685755029859e+02,-4.526294569648607826e-15
3.200016764439154571e+01,1.200002691749326260e+02,-4.533642450443491682e-15
3.200016746430545567e+01,1.200002697737013051e+02,-4.540990331238375539e-15
3.200016728261727650e+01,1.200002703718031398e+02,-4.548338212033259395e-15
3.200016709932879877e+01,1.200002709692322043e+02,-4.555686092828143251e-15
3.200016691444183436e+01,1.200002715659826009e+02,-4.563033973623027108e-15
3.200016672795819517e+01,1.200002721620484181e+02,-4.570381854417910964e-15
3.200016653987974280e+01,1.200002727574238293e+02,-4.577729735212794821e-15
3.200016635020831757e+01,1.200002733521028944e+02,-4.585077616007678677e-15
3.200016615894580951e+01,1.200002739460798011e+02,-4.592425496802562534e-15
3.200016596609408737e+01,1.200002745393486521e+02,-4.599773377597446390e-15
3.200016577165506249e+01,1.200002751319036207e+02,-4.607121258392330247e-15
3.200016557563065334e+01,1.200002757237388096e+02,-4.614469139187214103e-15
3.200016537802278549e+01,1.200002763148484206e+02,-4.621817019982097960e-15
3.200016517883342715e+01,1.200002769052265847e+02,-4.629164900776981816e-15
3.200016497806453941e+01,1.200002774948675324e+02,-4.636512781571865672e-15
3.200016477571809048e+01,1.200002780837653802e+02,-4.643860662366749529e-15
3.200016457179609120e+01,1.200002786719143586e+02,-4.651208543161633385e-15
3.200016436630054528e+01,1.200002792593086411e+02,-4.658556423956517242e-15
3.200016415923349200e+01,1.200002798459424298e+02,-4.665904304751401098e-15
3.200016395059695640e+01,1.200002804318099692e+02,-4.673252185546284955e-15
3.200016374039302036e+01,1.200002810169054186e+02,-4.680600066341168811e-15
3.200016352862374447e+01,1.200002816012230653e+02,-4.687947947136052668e-15
3.200016331529121771e+01,1.200002821847571113e+02,-4.695295827930936524e-15
3.200016310039755751e+01,1.200002827675017727e+02,-4.702643708725820381e-15
3.200016288394486708e+01,1.200002833494513226e+02,-4.709991589520704237e-15
3.200016266593529934e+01,1.200002839306000340e+02,-4.717339470315588093e-15
3.200016244637100016e+01,1.200002845109421656e+02,-4.724687351110471950e-15
3.200016222525412957e+01,1.200002850904719764e+02,-4.732035231905355806e-15
3.200016200258688315e+01,1.200002856691837394e+02,-4.739383112700239663e-15
3.200016177837144937e+01,1.200002862470717560e+02,-4.746730993495123519e-15
3.200016155261003803e+01,1.200002868241303133e+02,-4.754078874290007376e-15
3.200016132530488733e+01,1.200002874003537272e+02,-4.761426755084891232e-15
3.200016109645823548e+01,1.200002879757362990e+02,-4.768774635879775089e-15
3.200016086607234200e+01,1.200002885502723871e+02,-4.776122516674658945e-15
3.200016063414948064e+01,1.200002891239562501e+02,-4.783470397469542802e-15
3.200016040069193934e+01,1.200002896967822892e+02,-4.790818278264426658e-15
3.200016016570202027e+01,1.200002902687448341e+02,-4.798166159059310514e-15
3.200015992918203978e+01,1.200002908398382289e+02,-4.805514039854194371e-15
3.200015969113434977e+01,1.200002914100568319e+02,-4.812861920649078227e-15
3.200015945156128083e+01,1.200002919793950440e+02,-4.820209801443962084e-15
3.200015921046520617e+01,1.200002925478472093e+02,-4.827557682238845940e-15
3.200015896784849900e+01,1.200002931154077572e+02,-4.834905563033729797e-15
3.200015872371356096e+01,1.200002936820710460e+02,-4.842253443828613653e-15
3.200015847806279368e+01,1.200002942478315049e+02,-4.849601324623497510e-15
3.200015823089863432e+01,1.200002948126835349e+02,-4.856949205418381366e-15
3.200015798222351293e+01,1.200002953766216081e+02,-4.864297086213265223e-15
3.200015773203988090e+01,1.200002959396400826e+02,-4.871644967008149079e-15
3.200015748035021801e+01,1.200002965017334873e+02,-4.878992847803032935e-15
3.200015722715700406e+01,1.200002970628961947e+02,-4.886340728597916792e-15
3.200015697246272595e+01,1.200002976231227194e+02,-4.893688609392800648e-15
3.200015671626991320e+01,1.200002981824075050e+02,-4.901036490187684505e-15
3.200015645858108826e+01,1.200002987407450519e+02,-4.908384370982568361e-15
3.200015619939879485e+01,1.200002992981298320e+02,-4.915732251777452218e-15
3.200015593872559805e+01,1.200002998545563457e+02,-4.923080132572336074e-15
3.200015567656404869e+01,1.200003004100191077e+02,-4.930428013367219931e-15
3.200015541291676158e+01,1.200003009645126326e+02,-4.937775894162103787e-15
3.200015514778633019e+01,1.200003015180314492e+02,-4.945123774956987644e-15
3.200015488117535511e+01,1.200003020705701147e+02,-4.952471655751871500e-15
3.200015461308648668e+01,1.200003026221231579e+02,-4.959819536546755356e-15
3.200015434352236809e+01,1.200003031726851077e+02,-4.967167417341639213e-15
3.200015407248564969e+01,1.200003037222505498e+02,-4.974515298136523069e-15
3.200015379997901022e+01,1.200003042708140981e+02,-4.981863178931406926e-15
3.200015352600514973e+01,1.200003048183702816e+02,-4.989211059726290782e-15
3.200015325056676119e+01,1.200003053649137428e+02,-4.996558940521174639e-15
3.200015297366655886e+01,1.200003059104390388e+02,-5.003906821316058495e-15
3.200015269530729256e+01,1.200003064549408407e+02,-5.011254702110942352e-15
3.200015241549169787e+01,1.200003069984137198e+02,-5.018602582905826208e-15
3.200015213422253169e+01,1.200003075408523614e+02,-5.025950463700710065e-15
3.200015185150258645e+01,1.200003080822513652e+02,-5.033298344495593921e-15
3.200015156733463328e+01,1.200003086226054450e+02,-5.040646225290477777e-15
3.200015128172150014e+01,1.200003091619092004e+02,-5.047994106085361634e-15
3.200015099466597945e+01,1.200003097001573735e+02,-5.055341986880245490e-15
3.200015070617092761e+01,1.200003102373446069e+02,-5.062689867675129347e-15
3.200015041623916545e+01,1.200003107734656282e+02,-5.070037748470013203e-15
3.200015012487358490e+01,1.200003113085150943e+02,-5.077385629264897060e-15
3.200014983207704233e+01,1.200003118424877897e+02,-5.084733510059780916e-15
3.200014953785243677e+01,1.200003123753784280e+02,-5.092081390854664773e-15
3.200014924220266010e+01,1.200003129071817085e+02,-5.099429271649548629e-15
3.200014894513063979e+01,1.200003134378924443e+02,-5.106777152444432486e-15
3.200014864663931036e+01,1.200003139675053205e+02,-5.114125033239316342e-15
3.200014834673161346e+01,1.200003144960151928e+02,-5.121472914034200198e-15
3.200014804541050495e+01,1.200003150234167890e+02,-5.128820794829084055e-15
3.200014774267896200e+01,1.200003155497049221e+02,-5.136168675623967911e-15
3.200014743853997601e+01,1.200003160748744051e+02,-5.143516556418851768e-15
3.200014713299654545e+01,1.200003165989200369e+02,-5.150864437213735624e-15
3.200014682605168304e+01,1.200003171218366731e+02,-5.158212318008619481e-15
3.200014651770842278e+01,1.200003176436190984e+02,-5.165560198803503337e-15
3.200014620796981291e+01,1.200003181642622394e+02,-5.172908079598387194e-15
3.200014589683890165e+01,1.200003186837609093e+02,-5.180255960393271050e-15
3.200014558431875145e+01,1.200003192021099778e+02,-5.187603841188154907e-15
3.200014527041247447e+01,1.200003197193043576e+02,-5.194951721983038763e-15
3.200014495512314028e+01,1.200003202353389185e+02,-5.202299602777922619e-15
3.200014463845386814e+01,1.200003207502085587e+02,-5.209647483572806476e-15
3.200014432040779866e+01,1.200003212639082477e+02,-5.216995364367690332e-15
3.200014400098805822e+01,1.200003217764328554e+02,-5.224343245162574189e-15
3.200014368019779454e+01,1.200003222877773368e+02,-5.231691125957458045e-15
3.200014335804018373e+01,1.200003227979366898e+02,-5.239039006752341902e-15
3.200014303451840902e+01,1.200003233069058410e+02,-5.246386887547225758e-15
3.200014270963564655e+01,1.200003238146797599e+02,-5.253734768342109615e-15
3.200014238339511508e+01,1.200003243212534727e+02,-5.261082649136993471e-15
3.200014205580002624e+01,1.200003248266219344e+02,-5.268430529931877327e-15
3.200014172685362723e+01,1.200003253307802140e+02,-5.275778410726761184e-15
3.200014139655915102e+01,1.200003258337232523e+02,-5.283126291521645040e-15
3.200014106491986610e+01,1.200003263354461609e+02,-5.290474172316528897e-15
3.200014073193904096e+01,1.200003268359439517e+02,-5.297822053111412753e-15
3.200014039761995832e+01,1.200003273352116935e+02,-5.305169933906296610e-15
3.200014006196592931e+01,1.200003278332444694e+02,-5.312517814701180466e-15
3.200013972498025794e+01,1.200003283300373482e+02,-5.319865695496064323e-15
3.200013938666626956e+01,1.200003288255854557e+02,-5.327213576290948179e-15
3.200013904702731082e+01,1.200003293198838463e+02,-5.334561457085832036e-15
3.200013870606672128e+01,1.200003298129276885e+02,-5.341909337880715892e-15
3.200013836378788312e+01,1.200003303047120795e+02,-5.349257218675599748e-15
3.200013802019415721e+01,1.200003307952322018e+02,-5.356605099470483605e-15
3.200013767528893993e+01,1.200003312844831953e+02,-5.363952980265367461e-15
3.200013732907564901e+01,1.200003317724602425e+02,-5.371300861060251318e-15
3.200013698155768083e+01,1.200003322591585260e+02,-5.378648741855135174e-15
3.200013663273847442e+01,1.200003327445732282e+02,-5.385996622650019031e-15
3.200013628262147591e+01,1.200003332286995459e+02,-5.393344503444902887e-15
3.200013593121013855e+01,1.200003337115327327e+02,-5.400692384239786744e-15
3.200013557850792978e+01,1.200003341930680278e+02,-5.408040265034670600e-15
3.200013522451833126e+01,1.200003346733006708e+02,-5.415388145829554457e-15
3.200013486924483175e+01,1.200003351522258725e+02,-5.422736026624438313e-15
3.200013451269094844e+01,1.200003356298389718e+02,-5.430083907419322169e-15
3.200013415486019142e+01,1.200003361061352365e+02,-5.437431788214206026e-15
3.200013379575609207e+01,1.200003365811099627e+02,-5.444779669009089882e-15
3.200013343538219601e+01,1.200003370547584467e+02,-5.452127549803973739e-15
3.200013307374207017e+01,1.200003375270760273e+02,-5.459475430598857595e-15
3.200013271083926725e+01,1.200003379980580291e+02,-5.466823311393741452e-15
3.200013234667737549e+01,1.200003384676998621e+02,-5.474171192188625308e-15
3.200013198125999736e+01,1.200003389359968224e+02,-5.481519072983509165e-15
3.200013161459072819e+01,1.200003394029442774e+02,-5.488866953778393021e-15
3.200013124667319175e+01,1.200003398685376936e+02,-5.496214834573276878e-15
3.200013087751101892e+01,1.200003403327724101e+02,-5.503562715368160734e-15
3.200013050710784768e+01,1.200003407956439077e+02,-5.510910596163044590e-15
3.200013013546734442e+01,1.200003412571475536e+02,-5.518258476957928447e-15
3.200012976259316133e+01,1.200003417172788147e+02,-5.525606357752812303e-15
3.200012938848900035e+01,1.200003421760331577e+02,-5.532954238547696160e-15
3.200012901315853497e+01,1.200003426334060634e+02,-5.540302119342580016e-15
3.200012863660548135e+01,1.200003430893929988e+02,-5.547650000137463873e-15
3.200012825883354850e+01,1.200003435439894730e+02,-5.554997880932347729e-15
3.200012787984646678e+01,1.200003439971909813e+02,-5.562345761727231586e-15
3.200012749964798076e+01,1.200003444489930757e+02,-5.569693642522115442e-15
3.200012711824183498e+01,1.200003448993913082e+02,-5.577041523316999299e-15
3.200012673563180243e+01,1.200003453483812024e+02,-5.584389404111883155e-15
3.200012635182164900e+01,1.200003457959583244e+02,-5.591737284906767011e-15
3.200012596681516897e+01,1.200003462421182832e+02,-5.599085165701650868e-15
3.200012558061617085e+01,1.200003466868566733e+02,-5.606433046496534724e-15
3.200012519322845606e+01,1.200003471301690752e+02,-5.613780927291418581e-15
3.200012480465584019e+01,1.200003475720511403e+02,-5.621128808086302437e-15
3.200012441490217441e+01,1.200003480124985060e+02,-5.628476688881186294e-15
3.200012402397129563e+01,1.200003484515068095e+02,-5.635824569676070150e-15
3.200012363186706921e+01,1.200003488890717165e+02,-5.643172450470954007e-15
3.200012323859335339e+01,1.200003493251889353e+02,-5.650520331265837863e-15
3.200012284415404196e+01,1.200003497598541600e+02,-5.657868212060721720e-15
3.200012244855302157e+01,1.200003501930630563e+02,-5.665216092855605576e-15
3.200012205179420022e+01,1.200003506248113894e+02,-5.672563973650489432e-15
3.200012165388149299e+01,1.200003510550948960e+02,-5.679911854445373289e-15
3.200012125481882208e+01,1.200003514839093128e+02,-5.687259735240257145e-15
3.200012085461013100e+01,1.200003519112504193e+02,-5.694607616035141002e-15
3.200012045325937038e+01,1.200003523371139948e+02,-5.701955496830024858e-15
3.200012005077049082e+01,1.200003527614958472e+02,-5.709303377624908715e-15
3.200011964714748558e+01,1.200003531843917841e+02,-5.716651258419792571e-15
3.200011924239431949e+01,1.200003536057975850e+02,-5.723999139214676428e-15
3.200011883651499289e+01,1.200003540257091572e+02,-5.731347020009560284e-15
3.200011842951352037e+01,1.200003544441223227e+02,-5.738694900804444141e-15
3.200011802139390227e+01,1.200003548610329602e+02,-5.746042781599327997e-15
3.200011761216017447e+01,1.200003552764369630e+02,-5.753390662394211853e-15
3.200011720181638708e+01,1.200003556903302098e+02,-5.760738543189095710e-15
3.200011679036656886e+01,1.200003561027086363e+02,-5.768086423983979566e-15
3.200011637781479834e+01,1.200003565135681640e+02,-5.775434304778863423e-15
3.200011596416513981e+01,1.200003569229047002e+02,-5.782782185573747279e-15
3.200011554942167180e+01,1.200003573307142801e+02,-5.790130066368631136e-15
3.200011513358849413e+01,1.200003577369928394e+02,-5.797477947163514992e-15
3.200011471666971374e+01,1.200003581417363563e+02,-5.804825827958398849e-15
3.200011429866943047e+01,1.200003585449408519e+02,-5.812173708753282705e-15
3.200011387959178677e+01,1.200003589466023612e+02,-5.819521589548166562e-15
3.200011345944091801e+01,1.200003593467168770e+02,-5.826869470343050418e-15
3.200011303822095954e+01,1.200003597452805053e+02,-5.834217351137934274e-15
3.200011261593607514e+01,1.200003601422892530e+02,-5.841565231932818131e-15
3.200011219259042861e+01,1.200003605377392688e+02,-5.848913112727701987e-15
3.200011176818820502e+01,1.200003609316265880e+02,-5.856260993522585844e-15
3.200011134273358238e+01,1.200003613239473452e+02,-5.863608874317469700e-15
3.200011091623077419e+01,1.200003617146976751e+02,-5.870956755112353557e-15
3.200011048868397978e+01,1.200003621038737265e+02,-5.878304635907237413e-15
3.200011006009742687e+01,1.200003624914716482e+02,-5.885652516702121270e-15
3.200010963047532897e+01,1.200003628774876034e+02,-5.893000397497005126e-15
3.200010919982194224e+01,1.200003632619178120e+02,-5.900348278291888983e-15
3.200010876814151572e+01,1.200003636447584654e+02,-5.907696159086772839e-15
3.200010833543829847e+01,1.200003640260057693e+02,-5.915044039881656695e-15
3.200010790171657504e+01,1.200003644056559864e+02,-5.922391920676540552e-15
3.200010746698062292e+01,1.200003647837053506e+02,-5.929739801471424408e-15
3.200010703123471956e+01,1.200003651601501531e+02,-5.937087682266308265e-15
3.200010659448317796e+01,1.200003655349866278e+02,-5.944435563061192121e-15
3.200010615673031111e+01,1.200003659082111369e+02,-5.951783443856075978e-15
3.200010571798043912e+01,1.200003662798199713e+02,-5.959131324650959834e-15
3.200010527823787498e+01,1.200003666498094503e+02,-5.966479205445843691e-15
3.200010483750698143e+01,1.200003670181759503e+02,-5.973827086240727547e-15
3.200010439579209987e+01,1.200003673849158048e+02,-5.981174967035611404e-15
3.200010395309758593e+01,1.200003677500254184e+02,-5.988522847830495260e-15
3.200010350942780946e+01,1.200003681135011675e+02,-5.995870728625379116e-15
3.200010306478715449e+01,1.200003684753394850e+02,-6.003218609420262973e-15
3.200010261918000509e+01,1.200003688355368041e+02,-6.010566490215146829e-15
3.200010217261075951e+01,1.200003691940895294e+02,-6.017914371010030686e-15
3.200010172508383022e+01,1.200003695509941508e+02,-6.025262251804914542e-15
3.200010127660362258e+01,1.200003699062471725e+02,-6.032610132599798399e-15
3.200010082717457749e+01,1.200003702598450417e+02,-6.039958013394682255e-15
3.200010037680112163e+01,1.200003706117842768e+02,-6.047305894189566112e-15
3.200009992548770299e+01,1.200003709620614387e+02,-6.054653774984449968e-15
3.200009947323876958e+01,1.200003713106730316e+02,-6.062001655779333825e-15
3.200009902005879781e+01,1.200003716576156165e+02,-6.069349536574217681e-15
3.200009856595224278e+01,1.200003720028857970e+02,-6.076697417369101537e-15
3.200009811092360934e+01,1.200003723464801482e+02,-6.084045298163985394e-15
3.200009765497736680e+01,1.200003726883953021e+02,-6.091393178958869250e-15
3.200009719811802000e+01,1.200003730286278341e+02,-6.098741059753753107e-15
3.200009674035008800e+01,1.200003733671744186e+02,-6.106088940548636963e-15
3.200009628167808273e+01,1.200003737040317162e+02,-6.113436821343520820e-15
3.200009582210653036e+01,1.200003740391964158e+02,-6.120784702138404676e-15
3.200009536163996415e+01,1.200003743726651493e+02,-6.128132582933288533e-15
3.200009490028293158e+01,1.200003747044346909e+02,-6.135480463728172389e-15
3.200009443803998721e+01,1.200003750345017437e+02,-6.142828344523056245e-15
3.200009397491569985e+01,1.200003753628630392e+02,-6.150176225317940102e-15
3.200009351091462406e+01,1.200003756895153799e+02,-6.157524106112823958e-15
3.200009304604134996e+01,1.200003760144554690e+02,-6.164871986907707815e-15
3.200009258030046766e+01,1.200003763376801516e+02,-6.172219867702591671e-15
3.200009211369656015e+01,1.200003766591862160e+02,-6.179567748497475528e-15
3.200009164623425306e+01,1.200003769789705075e+02,-6.186915629292359384e-15
3.200009117791814361e+01,1.200003772970298712e+02,-6.194263510087243241e-15
3.200009070875285744e+01,1.200003776133611524e+02,-6.201611390882127097e-15
3.200009023874303438e+01,1.200003779279612104e+02,-6.208959271677010954e-15
3.200008976789330006e+01,1.200003782408269757e+02,-6.216307152471894810e-15
3.200008929620830855e+01,1.200003785519553503e+02,-6.223655033266778666e-15
3.200008882369271390e+01,1.200003788613432789e+02,-6.231002914061662523e-15
3.200008835035118437e+01,1.200003791689876635e+02,-6.238350794856546379e-15
3.200008787618838113e+01,1.200003794748855057e+02,-6.245698675651430236e-15
3.200008740120900086e+01,1.200003797790337785e+02,-6.253046556446314092e-15
3.200008692541770472e+01,1.200003800814294692e+02,-6.260394437241197949e-15
3.200008644881921072e+01,1.200003803820696220e+02,-6.267742318036081805e-15
3.200008597141822264e+01,1.200003806809512241e+02,-6.275090198830965662e-15
3.200008549321943718e+01,1.200003809780713624e+02,-6.282438079625849518e-15
3.200008501422759366e+01,1.200003812734270952e+02,-6.289785960420733375e-15
3.200008453444740297e+01,1.200003815670154950e+02,-6.297133841215617231e-15
3.200008405388360444e+01,1.200003818588336770e+02,-6.304481722010501087e-15
3.200008357254093738e+01,1.200003821488787565e+02,-6.311829602805384944e-15
3.200008309042416954e+01,1.200003824371478771e+02,-6.319177483600268800e-15
3.200008260753804024e+01,1.200003827236381682e+02,-6.326525364395152657e-15
3.200008212388732431e+01,1.200003830083468443e+02,-6.333873245190036513e-15
3.200008163947678952e+01,1.200003832912710777e+02,-6.341221125984920370e-15
3.200008115431123201e+01,1.200003835724080687e+02,-6.348569006779804226e-15
3.200008066839541954e+01,1.200003838517550463e+02,-6.355916887574688083e-15
3.200008018173415536e+01,1.200003841293092535e+02,-6.363264768369571939e-15
3.200007969433224986e+01,1.200003844050679476e+02,-6.370612649164455796e-15
3.200007920619450630e+01,1.200003846790284143e+02,-6.377960529959339652e-15
3.200007871732574927e+01,1.200003849511879395e+02,-6.385308410754223508e-15
3.200007822773078914e+01,1.200003852215438656e+02,-6.392656291549107365e-15
3.200007773741447892e+01,1.200003854900934925e+02,-6.400004172343991221e-15
3.200007724638163609e+01,1.200003857568341630e+02,-6.407352053138875078e-15
3.200007675463712076e+01,1.200003860217632479e+02,-6.414699933933758934e-15
3.200007626218578594e+01,1.200003862848781750e+02,-6.422047814728642791e-15
3.200007576903248463e+01,1.200003865461763155e+02,-6.429395695523526647e-15
3.200007527518209116e+01,1.200003868056550971e+02,-6.436743576318410504e-15
3.200007478063947275e+01,1.200003870633119334e+02,-6.444091457113294360e-15
3.200007428540951793e+01,1.200003873191443375e+02,-6.451439337908178217e-15
3.200007378949711523e+01,1.200003875731497374e+02,-6.458787218703062073e-15
3.200007329290715319e+01,1.200003878253256175e+02,-6.466135099497945929e-15
3.200007279564452034e+01,1.200003880756695196e+02,-6.473482980292829786e-15
3.200007229771415496e+01,1.200003883241789708e+02,-6.480830861087713642e-15
3.200007179912094557e+01,1.200003885708515270e+02,-6.488178741882597499e-15
3.200007129986983045e+01,1.200003888156847012e+02,-6.495526622677481355e-15
3.200007079996571946e+01,1.200003890586761486e+02,-6.502874503472365212e-15
3.200007029941355796e+01,1.200003892998234107e+02,-6.510222384267249068e-15
3.200006979821829134e+01,1.200003895391241429e+02,-6.517570265062132925e-15
3.200006929638485076e+01,1.200003897765759575e+02,-6.524918145857016781e-15
3.200006879391820291e+01,1.200003900121765383e+02,-6.532266026651900638e-15
3.200006829082330739e+01,1.200003902459235690e+02,-6.539613907446784494e-15
3.200006778710511668e+01,1.200003904778147046e+02,-6.546961788241668350e-15
3.200006728276860457e+01,1.200003907078476715e+02,-6.554309669036552207e-15
3.200006677781876618e+01,1.200003909360201959e+02,-6.561657549831436063e-15
3.200006627226056111e+01,1.200003911623300468e+02,-6.569005430626319920e-15
3.200006576609899156e+01,1.200003913867749787e+02,-6.576353311421203776e-15
3.200006525933905266e+01,1.200003916093527607e+02,-6.583701192216087633e-15
3.200006475198574662e+01,1.200003918300611900e+02,-6.591049073010971489e-15
3.200006424404408278e+01,1.200003920488981350e+02,-6.598396953805855346e-15
3.200006373551906336e+01,1.200003922658614073e+02,-6.605744834600739202e-15
3.200006322641571899e+01,1.200003924809488609e+02,-6.613092715395623059e-15
3.200006271673907321e+01,1.200003926941583927e+02,-6.620440596190506915e-15
3.200006220649414246e+01,1.200003929054878569e+02,-6.627788476985390771e-15
3.200006169568598580e+01,1.200003931149352070e+02,-6.635136357780274628e-15
3.200006118431962676e+01,1.200003933224983683e+02,-6.642484238575158484e-15
3.200006067240011731e+01,1.200003935281752945e+02,-6.649832119370042341e-15
3.200006015993250941e+01,1.200003937319639107e+02,-6.657180000164926197e-15
3.200005964692186922e+01,1.200003939338622985e+02,-6.664527880959810054e-15
3.200005913337324159e+01,1.200003941338683688e+02,-6.671875761754693910e-15
3.200005861929171402e+01,1.200003943319802175e+02,-6.679223642549577767e-15
3.200005810468235268e+01,1.200003945281958266e+02,-6.686571523344461623e-15
3.200005758955023083e+01,1.200003947225133203e+02,-6.693919404139345480e-15
3.200005707390043597e+01,1.200003949149307800e+02,-6.701267284934229336e-15
3.200005655773807689e+01,1.200003951054462306e+02,-6.708615165729113192e-15
3.200005604106821266e+01,1.200003952940578813e+02,-6.715963046523997049e-15
3.200005552389595920e+01,1.200003954807637854e+02,-6.723310927318880905e-15
3.200005500622643240e+01,1.200003956655621806e+02,-6.730658808113764762e-15
3.200005448806472685e+01,1.200003958484512054e+02,-6.738006688908648618e-15
3.200005396941596558e+01,1.200003960294290692e+02,-6.745354569703532475e-15
3.200005345028525738e+01,1.200003962084939673e+02,-6.752702450498416331e-15
3.200005293067773238e+01,1.200003963856441374e+02,-6.760050331293300188e-15
3.200005241059851357e+01,1.200003965608778174e+02,-6.767398212088184044e-15
3.200005189005274531e+01,1.200003967341933162e+02,-6.774746092883067901e-15
3.200005136904555059e+01,1.200003969055889002e+02,-6.782093973677951757e-15
3.200005084758208085e+01,1.200003970750628781e+02,-6.789441854472835613e-15
3.200005032566748753e+01,1.200003972426135590e+02,-6.796789735267719470e-15
3.200004980330690785e+01,1.200003974082393370e+02,-6.804137616062603326e-15
3.200004928050550745e+01,1.200003975719385494e+02,-6.811485496857487183e-15
3.200004875726844489e+01,1.200003977337095478e+02,-6.818833377652371039e-15
3.200004823360087158e+01,1.200003978935507973e+02,-6.826181258447254896e-15
3.200004770950797450e+01,1.200003980514606781e+02,-6.833529139242138752e-15
3.200004718499491929e+01,1.200003982074376410e+02,-6.840877020037022609e-15
3.200004666006687870e+01,1.200003983614801513e+02,-6.848224900831906465e-15
3.200004613472903969e+01,1.200003985135866884e+02,-6.855572781626790322e-15
3.200004560898658212e+01,1.200003986637557745e+02,-6.862920662421674178e-15
3.200004508284470006e+01,1.200003988119858747e+02,-6.870268543216558034e-15
3.200004455630858047e+01,1.200003989582755679e+02,-6.877616424011441891e-15
3.200004402938342452e+01,1.200003991026233905e+02,-6.884964304806325747e-15
3.200004350207442627e+01,1.200003992450279355e+02,-6.892312185601209604e-15
3.200004297438680112e+01,1.200003993854877677e+02,-6.899660066396093460e-15
3.200004244632575023e+01,1.200003995240015371e+02,-6.907007947190977317e-15
3.200004191789648189e+01,1.200003996605678367e+02,-6.914355827985861173e-15
3.200004138910422569e+01,1.200003997951853734e+02,-6.921703708780745030e-15
3.200004085995417569e+01,1.200003999278527829e+02,-6.929051589575628886e-15
3.200004033045157570e+01,1.200004000585687436e+02,-6.936399470370512742e-15
3.200003980060164110e+01,1.200004001873319623e+02,-6.943747351165396599e-15
3.200003927040961571e+01,1.200004003141412170e+02,-6.951095231960280455e-15
3.200003873988071490e+01,1.200004004389952144e+02,-6.958443112755164312e-15
3.200003820902018248e+01,1.200004005618927323e+02,-6.965790993550048168e-15
3.200003767783325515e+01,1.200004006828325629e+02,-6.973138874344932025e-15
3.200003714632517671e+01,1.200004008018134982e+02,-6.980486755139815881e-15
3.200003661450119807e+01,1.200004009188344014e+02,-6.987834635934699738e-15
3.200003608236657016e+01,1.200004010338940788e+02,-6.995182516729583594e-15
3.200003554992652255e+01,1.200004011469913934e+02,-7.002530397524467451e-15
3.200003501718633458e+01,1.200004012581252653e+02,-7.009878278319351307e-15
3.200003448415125717e+01,1.200004013672945433e+02,-7.017226159114235163e-15
3.200003395082654833e+01,1.200004014744982186e+02,-7.024574039909119020e-15
3.200003341721747319e+01,1.200004015797351684e+02,-7.031921920704002876e-15
3.200003288332929685e+01,1.200004016830043980e+02,-7.039269801498886733e-15
3.200003234916729156e+01,1.200004017843048558e+02,-7.046617682293770589e-15
3.200003181473672953e+01,1.200004018836355897e+02,-7.053965563088654446e-15
3.200003128004288300e+01,1.200004019809955480e+02,-7.061313443883538302e-15
3.200003074509102419e+01,1.200004020763838497e+02,-7.068661324678422159e-15
3.200003020988643954e+01,1.200004021697994858e+02,-7.076009205473306015e-15
3.200002967443441548e+01,1.200004022612415753e+02,-7.083357086268189872e-15
3.200002913874023136e+01,1.200004023507091802e+02,-7.090704967063073728e-15
3.200002860280917361e+01,1.200004024382014620e+02,-7.098052847857957584e-15
3.200002806664652155e+01,1.200004025237175398e+02,-7.105400728652841441e-15
3.200002753025759006e+01,1.200004026072565466e+02,-7.112748609447726086e-15
3.200002699364765846e+01,1.200004026888176867e+02,-7.120096490242609943e-15
3.200002645682202029e+01,1.200004027684001358e+02,-7.127444371037493799e-15
3.200002591978598332e+01,1.200004028460031265e+02,-7.134792251832377656e-15
3.200002538254484108e+01,1.200004029216258772e+02,-7.142140132627261512e-15
3.200002484510390133e+01,1.200004029952676490e+02,-7.149488013422145369e-15
3.200002430746846471e+01,1.200004030669277313e+02,-7.156835894217029225e-15
3.200002376964383899e+01,1.200004031366053852e+02,-7.164183775011913081e-15
3.200002323163532481e+01,1.200004032042999285e+02,-7.171531655806796938e-15
3.200002269344824413e+01,1.200004032700107075e+02,-7.178879536601680794e-15
3.200002215508789760e+01,1.200004033337370828e+02,-7.186227417396564651e-15
3.200002161655960720e+01,1.200004033954784006e+02,-7.193575298191448507e-15
3.200002107786868066e+01,1.200004034552340499e+02,-7.200923178986332364e-15
3.200002053902044707e+01,1.200004035130034765e+02,-7.208271059781216220e-15
3.200002000002021418e+01,1.200004035687860835e+02,-7.215618940576100077e-15
3.200001946087330396e+01,1.200004036225813024e+02,-7.222966821370983933e-15
3.200001892158502415e+01,1.200004036743886360e+02,-7.230314702165867790e-15
3.200001838216072514e+01,1.200004037242075441e+02,-7.237662582960751646e-15
3.200001784260571469e+01,1.200004037720375720e+02,-7.245010463755635502e-15
3.200001730292532187e+01,1.200004038178782508e+02,-7.252358344550519359e-15
3.200001676312486154e+01,1.200004038617290547e+02,-7.259706225345403215e-15
3.200001622320967698e+01,1.200004039035896426e+02,-7.267054106140287072e-15
3.200001568318509015e+01,1.200004039434595171e+02,-7.274401986935170928e-15
3.200001514305643013e+01,1.200004039813383514e+02,-7.281749867730054785e-15
3.200001460282902599e+01,1.200004040172257476e+02,-7.289097748524938641e-15
3.200001406250821390e+01,1.200004040511213503e+02,-7.296445629319822498e-15
3.200001352209933003e+01,1.200004040830248329e+02,-7.303793510114706354e-15
3.200001298160769636e+01,1.200004041129358541e+02,-7.311141390909590211e-15
3.200001244103866327e+01,1.200004041408541582e+02,-7.318489271704474067e-15
3.200001190039755272e+01,1.200004041667794468e+02,-7.325837152499357923e-15
3.200001135968970090e+01,1.200004041907114640e+02,-7.333185033294241780e-15
3.200001081892045107e+01,1.200004042126499684e+02,-7.340532914089125636e-15
